STN,YYYYMMDD,DDVEC,FHVEC,FG,FHX,FHXH,FHN,FHNH,FXX,FXXH,TG,TN,TNH,TX,TXH,T10N,T10NH,SQ,SP,Q,DR,RH,RHX,RHXH,PG,PX,PXH,PN,PNH,VVN,VVNH,VVX,VVXH,NG,UG,UX,UXH,UN,UNH,EV24,TG_C,HDD,CDD,Date
278,20220101,204,34,36,50,4,20,8,90,16,125,113,3,133,13,107,6,16,21,169,0,0,0,1,     ,     ,     ,     ,     ,     ,     ,     ,     ,     ,86,92,6,80,23,3,12.5,5.5,0.0,2022-01-01
278,20220102,228,52,55,90,23,30,3,160,22,115,100,21,128,5,93,24,8,10,120,41,33,13,21,     ,     ,     ,     ,     ,     ,     ,     ,     ,     ,85,94,21,77,14,2,11.5,6.5,0.0,2022-01-02
278,20220103,235,60,61,80,1,30,24,150,1,96,78,21,116,13,68,24,18,23,210,0,0,0,1,     ,     ,     ,     ,     ,     ,     ,     ,     ,     ,81,90,21,73,13,3,9.6,8.4,0.0,2022-01-03
278,20220104,245,27,33,50,10,20,15,90,12,61,16,24,90,1,3,24,0,0,106,6,11,8,12,     ,     ,     ,     ,     ,     ,     ,     ,     ,     ,89,95,8,81,20,1,6.1,11.9,0.0,2022-01-04
278,20220105,267,48,53,80,8,30,20,150,9,44,14,4,70,13,4,6,6,8,133,40,48,16,9,     ,     ,     ,     ,     ,     ,     ,     ,     ,     ,84,92,9,80,18,2,4.4,13.6,0.0,2022-01-05
278,20220106,222,23,27,40,14,20,1,90,23,32,-21,8,72,14,-39,12,60,77,377,0,0,0,1,     ,     ,     ,     ,     ,     ,     ,     ,     ,     ,84,99,9,74,14,4,3.2,14.8,0.0,2022-01-06
278,20220107,215,37,39,50,1,20,21,110,12,32,10,24,57,15,7,24,3,4,129,21,21,9,24,     ,     ,     ,     ,     ,     ,     ,     ,     ,     ,89,96,24,78,16,2,3.2,14.8,0.0,2022-01-07
278,20220108,189,37,39,60,15,20,3,120,19,24,-6,7,45,20,-23,12,18,23,209,62,37,21,24,     ,     ,     ,     ,     ,     ,     ,     ,     ,     ,92,98,3,84,14,2,2.4,15.6,0.0,2022-01-08
278,20220109,257,35,38,60,5,20,19,110,5,44,9,24,64,4,-15,24,40,50,313,30,42,21,3,     ,     ,     ,     ,     ,     ,     ,     ,     ,     ,90,98,24,84,11,4,4.4,13.6,0.0,2022-01-09
278,20220110,150,9,12,20,15,10,1,40,18,0,-28,8,50,13,-47,12,63,79,406,0,0,0,1,     ,     ,     ,     ,     ,     ,     ,     ,     ,     ,96,99,7,86,13,4,0.0,18.0,0.0,2022-01-10
278,20220111,183,20,22,30,6,10,1,60,7,8,-25,1,42,14,-26,6,52,65,370,0,-1,-1,1,     ,     ,     ,     ,     ,     ,     ,     ,     ,     ,93,99,2,81,14,4,0.8,17.2,0.0,2022-01-11
278,20220112,226,18,20,30,19,10,4,60,21,37,28,1,57,14,16,18,10,12,217,0,0,0,1,     ,     ,     ,     ,     ,     ,     ,     ,     ,     ,96,99,1,88,14,3,3.7,14.3,0.0,2022-01-12
278,20220113,229,33,33,50,13,20,3,80,13,42,35,6,50,15,35,12,0,0,107,0,0,0,1,     ,     ,     ,     ,     ,     ,     ,     ,     ,     ,98,99,1,96,15,1,4.2,13.8,0.0,2022-01-13
278,20220114,262,18,20,30,1,10,16,60,2,57,46,1,70,13,44,6,0,0,130,0,0,0,1,     ,     ,     ,     ,     ,     ,     ,     ,     ,     ,94,98,5,86,12,2,5.7,12.3,0.0,2022-01-14
278,20220115,170,19,23,30,8,10,1,60,12,33,11,24,55,1,12,24,0,0,91,0,0,0,1,     ,     ,     ,     ,     ,     ,     ,     ,     ,     ,98,99,2,94,6,1,3.3,14.7,0.0,2022-01-15
278,20220116,239,36,39,50,12,30,1,90,13,46,12,1,69,22,12,6,0,0,129,0,-1,-1,1,     ,     ,     ,     ,     ,     ,     ,     ,     ,     ,92,99,2,78,23,2,4.6,13.4,0.0,2022-01-16
278,20220117,285,38,40,60,8,20,21,100,7,70,43,5,90,13,34,6,7,8,197,0,0,0,1,     ,     ,     ,     ,     ,     ,     ,     ,     ,     ,87,95,24,77,1,3,7.0,11.0,0.0,2022-01-17
278,20220118,252,9,16,30,15,0,24,50,2,46,9,24,69,1,-9,24,0,0,142,0,0,0,1,     ,     ,     ,     ,     ,     ,     ,     ,     ,     ,98,99,4,93,11,2,4.6,13.4,0.0,2022-01-18
278,20220119,239,24,31,50,13,10,1,100,16,31,-11,5,63,19,-21,6,0,0,82,14,5,3,17,     ,     ,     ,     ,     ,     ,     ,     ,     ,     ,94,99,1,84,20,1,3.1,14.9,0.0,2022-01-19
278,20220120,306,34,35,50,11,20,21,130,13,31,10,24,50,12,0,24,41,49,384,12,6,2,17,     ,     ,     ,     ,     ,     ,     ,     ,     ,     ,80,91,1,70,5,5,3.1,14.9,0.0,2022-01-20
278,20220121,281,34,34,50,14,20,1,90,13,41,-1,6,66,14,-10,6,15,18,247,1,1,1,10,     ,     ,     ,     ,     ,     ,     ,     ,     ,     ,90,95,6,85,13,3,4.1,13.9,0.0,2022-01-21
278,20220122,280,27,28,40,1,20,9,70,2,59,51,23,71,14,50,24,0,0,111,0,-1,-1,1,     ,     ,     ,     ,     ,     ,     ,     ,     ,     ,94,99,20,84,15,1,5.9,12.1,0.0,2022-01-22
278,20220123,190,6,10,20,19,0,8,30,1,54,43,3,70,12,39,6,1,1,181,0,0,0,1,     ,     ,     ,     ,     ,     ,     ,     ,     ,     ,90,99,1,79,23,2,5.4,12.6,0.0,2022-01-23
278,20220124,242,4,12,20,9,0,2,40,10,43,35,22,52,1,32,24,0,0,105,0,0,0,1,     ,     ,     ,     ,     ,     ,     ,     ,     ,     ,83,91,5,76,12,1,4.3,13.7,0.0,2022-01-24
278,20220125,222,4,11,20,22,10,1,40,22,29,18,24,36,1,17,24,0,0,84,0,0,0,1,     ,     ,     ,     ,     ,     ,     ,     ,     ,     ,83,88,21,78,5,1,2.9,15.1,0.0,2022-01-25
278,20220126,223,35,36,60,23,10,1,100,24,34,15,4,47,24,15,6,0,0,82,0,0,0,1,     ,     ,     ,     ,     ,     ,     ,     ,     ,     ,87,90,5,84,12,1,3.4,14.6,0.0,2022-01-26
278,20220127,261,52,59,70,4,40,24,150,20,65,42,24,92,14,30,24,2,2,124,25,13,5,9,     ,     ,     ,     ,     ,     ,     ,     ,     ,     ,86,96,9,80,15,2,6.5,11.5,0.0,2022-01-27
278,20220128,259,30,36,60,24,20,7,110,3,58,22,8,78,14,6,12,59,67,469,5,7,6,1,     ,     ,     ,     ,     ,     ,     ,     ,     ,     ,81,87,24,68,14,6,5.8,12.2,0.0,2022-01-28
278,20220129,262,66,73,110,17,50,5,180,17,89,65,2,120,16,57,24,4,5,158,0,0,0,1,     ,     ,     ,     ,     ,     ,     ,     ,     ,     ,82,96,5,69,19,2,8.9,9.1,0.0,2022-01-29
278,20220130,280,33,41,60,1,20,18,130,1,53,22,18,80,14,-5,18,53,60,536,2,1,1,1,     ,     ,     ,     ,     ,     ,     ,     ,     ,     ,71,82,23,58,12,7,5.3,12.7,0.0,2022-01-30
278,20220131,291,49,58,90,9,30,23,190,9,52,27,24,74,14,19,24,3,3,186,83,102,15,6,     ,     ,     ,     ,     ,     ,     ,     ,     ,     ,86,95,3,69,22,2,5.2,12.8,0.0,2022-01-31
278,20220201,268,54,60,80,13,30,1,160,21,66,28,1,92,19,22,6,0,0,134,46,25,9,13,     ,     ,     ,     ,     ,     ,     ,     ,     ,     ,85,97,9,73,24,2,6.6,11.4,0.0,2022-02-01
278,20220202,279,34,38,70,1,10,17,120,1,71,32,19,94,14,6,18,70,77,639,0,0,0,1,     ,     ,     ,     ,     ,     ,     ,     ,     ,     ,81,99,23,69,15,9,7.1,10.9,0.0,2022-02-02
278,20220203,222,40,40,50,6,30,3,90,6,74,65,19,85,2,60,24,0,0,98,5,2,1,13,     ,     ,     ,     ,     ,     ,     ,     ,     ,     ,93,99,1,84,9,1,7.4,10.6,0.0,2022-02-03
278,20220204,236,47,53,70,11,40,1,180,15,62,27,21,96,13,19,24,6,7,228,43,45,29,15,     ,     ,     ,     ,     ,     ,     ,     ,     ,     ,87,93,16,78,12,3,6.2,11.8,0.0,2022-02-04
278,20220205,234,64,65,90,20,40,7,150,20,58,30,8,77,13,23,12,45,49,471,66,44,11,24,     ,     ,     ,     ,     ,     ,     ,     ,     ,     ,81,93,24,66,14,6,5.8,12.2,0.0,2022-02-05
278,20220206,255,67,73,90,4,50,13,180,12,69,37,22,91,7,25,24,10,11,125,123,173,34,11,     ,     ,     ,     ,     ,     ,     ,     ,     ,     ,86,94,1,71,24,2,6.9,11.1,0.0,2022-02-06
278,20220207,273,46,52,70,12,40,7,160,2,57,32,2,82,13,25,6,59,63,533,5,4,3,4,     ,     ,     ,     ,     ,     ,     ,     ,     ,     ,76,86,8,69,15,7,5.7,12.3,0.0,2022-02-07
278,20220208,242,54,56,80,11,40,2,130,11,96,62,1,116,14,60,6,7,7,325,0,-1,-1,1,     ,     ,     ,     ,     ,     ,     ,     ,     ,     ,82,97,2,74,11,5,9.6,8.4,0.0,2022-02-08
278,20220209,231,43,43,60,8,20,20,110,11,90,79,23,108,14,75,24,4,4,270,36,9,4,17,     ,     ,     ,     ,     ,     ,     ,     ,     ,     ,89,99,18,76,13,4,9.0,9.0,0.0,2022-02-09
278,20220210,260,27,31,50,13,20,1,90,13,63,28,23,82,1,13,24,15,16,391,17,10,6,7,     ,     ,     ,     ,     ,     ,     ,     ,     ,     ,85,97,1,71,13,5,6.3,11.7,0.0,2022-02-10
278,20220211,287,32,39,70,5,0,22,160,6,32,-29,24,70,12,-61,24,28,29,515,13,17,12,3,     ,     ,     ,     ,     ,     ,     ,     ,     ,     ,78,98,21,49,13,6,3.2,14.8,0.0,2022-02-11
278,20220212,183,28,29,50,12,10,1,100,13,21,-31,1,69,15,-59,6,78,80,885,0,0,0,1,     ,     ,     ,     ,     ,     ,     ,     ,     ,     ,74,95,1,51,14,10,2.1,15.9,0.0,2022-02-12
278,20220213,184,45,46,60,12,30,5,120,12,56,3,6,94,22,-10,12,59,61,596,0,0,0,1,     ,     ,     ,     ,     ,     ,     ,     ,     ,     ,67,78,7,58,12,8,5.6,12.4,0.0,2022-02-13
278,20220214,211,48,53,80,12,30,17,160,13,88,62,24,113,15,51,18,27,28,397,0,-1,-1,1,     ,     ,     ,     ,     ,     ,     ,     ,     ,     ,72,89,24,57,15,6,8.8,9.2,0.0,2022-02-14
278,20220215,220,48,49,70,12,30,3,150,19,72,51,5,91,14,43,6,37,37,568,52,46,23,18,     ,     ,     ,     ,     ,     ,     ,     ,     ,     ,84,97,22,59,13,8,7.2,10.8,0.0,2022-02-15
278,20220216,233,72,75,130,22,30,2,220,22,108,72,1,129,22,65,6,0,0,130,71,53,12,17,     ,     ,     ,     ,     ,     ,     ,     ,     ,     ,89,96,3,72,24,2,10.8,7.199999999999999,0.0,2022-02-16
278,20220217,266,89,92,130,4,30,24,240,2,81,48,24,117,1,28,24,63,63,658,0,0,0,1,     ,     ,     ,     ,     ,     ,     ,     ,     ,     ,67,88,24,57,13,9,8.1,9.9,0.0,2022-02-17
278,20220218,233,78,88,170,17,20,4,310,17,78,48,1,120,13,33,6,0,0,153,25,37,32,14,     ,     ,     ,     ,     ,     ,     ,     ,     ,     ,77,95,9,52,21,2,7.8,10.2,0.0,2022-02-18
278,20220219,246,68,74,130,1,40,18,210,3,56,36,20,82,13,34,12,28,28,548,59,94,27,19,     ,     ,     ,     ,     ,     ,     ,     ,     ,     ,74,94,22,56,14,7,5.6,12.4,0.0,2022-02-19
278,20220220,237,70,76,120,22,30,4,230,22,77,39,7,105,11,38,12,0,0,106,157,254,31,22,     ,     ,     ,     ,     ,     ,     ,     ,     ,     ,90,96,8,83,24,1,7.7,10.3,0.0,2022-02-20
278,20220221,270,70,78,100,2,40,24,190,2,57,25,11,79,14,25,12,3,3,208,52,94,25,10,     ,     ,     ,     ,     ,     ,     ,     ,     ,     ,79,94,12,67,8,3,5.7,12.3,0.0,2022-02-21
278,20220222,251,42,47,70,16,30,5,130,17,64,28,8,97,16,17,12,14,14,309,22,29,18,17,     ,     ,     ,     ,     ,     ,     ,     ,     ,     ,86,93,17,78,19,4,6.4,11.6,0.0,2022-02-22
278,20220223,228,43,44,70,12,20,18,120,13,74,29,7,112,15,13,12,93,89,1079,0,0,0,1,     ,     ,     ,     ,     ,     ,     ,     ,     ,     ,72,90,6,56,14,15,7.4,10.6,0.0,2022-02-23
278,20220224,227,51,55,90,15,40,7,170,15,59,12,23,106,12,2,24,26,25,506,19,29,18,15,     ,     ,     ,     ,     ,     ,     ,     ,     ,     ,77,92,17,61,13,7,5.9,12.1,0.0,2022-02-24
278,20220225,262,37,45,70,11,20,22,160,13,42,17,1,85,13,-2,24,65,62,777,9,13,9,13,     ,     ,     ,     ,     ,     ,     ,     ,     ,     ,83,95,22,68,12,10,4.2,13.8,0.0,2022-02-25
278,20220226,134,9,16,30,1,0,5,50,13,22,-28,7,86,14,-53,6,89,84,1089,0,0,0,1,     ,     ,     ,     ,     ,     ,     ,     ,     ,     ,85,99,5,60,13,13,2.2,15.8,0.0,2022-02-26
278,20220227,119,31,32,50,12,20,1,90,13,33,-26,3,89,15,-50,6,98,92,1221,0,0,0,1,     ,     ,     ,     ,     ,     ,     ,     ,     ,     ,70,94,3,48,15,15,3.3,14.7,0.0,2022-02-27
278,20220228,141,24,25,40,11,10,19,80,15,36,-30,6,102,16,-70,6,99,92,1229,0,0,0,1,     ,     ,     ,     ,     ,     ,     ,     ,     ,     ,67,92,5,42,15,15,3.6,14.4,0.0,2022-02-28
278,20220301,160,13,17,30,9,0,19,60,10,54,1,4,90,14,-33,6,33,30,679,0,0,0,1,     ,     ,     ,     ,     ,     ,     ,     ,     ,     ,66,82,20,51,13,9,5.4,12.6,0.0,2022-03-01
278,20220302,74,21,22,40,11,10,1,70,16,53,-3,24,109,15,-44,24,77,71,1110,0,0,0,1,     ,     ,     ,     ,     ,     ,     ,     ,     ,     ,69,88,6,45,14,14,5.3,12.7,0.0,2022-03-02
278,20220303,86,32,32,50,11,10,1,80,11,31,-31,6,109,14,-64,6,100,91,1289,0,0,0,1,     ,     ,     ,     ,     ,     ,     ,     ,     ,     ,70,88,3,40,13,15,3.1,14.9,0.0,2022-03-03
278,20220304,87,35,35,60,16,20,1,90,16,14,-30,6,79,15,-50,6,99,90,1326,0,0,0,1,     ,     ,     ,     ,     ,     ,     ,     ,     ,     ,80,93,4,51,15,15,1.4,16.6,0.0,2022-03-04
278,20220305,77,24,25,40,9,10,18,60,9,12,-45,6,75,15,-71,6,100,90,1281,0,0,0,1,     ,     ,     ,     ,     ,     ,     ,     ,     ,     ,76,90,3,54,15,14,1.2,16.8,0.0,2022-03-05
278,20220306,39,26,27,50,10,0,23,100,15,16,-21,24,62,15,-49,24,97,87,1296,0,0,0,1,     ,     ,     ,     ,     ,     ,     ,     ,     ,     ,73,90,23,49,13,15,1.6,16.4,0.0,2022-03-06
278,20220307,80,17,19,50,16,0,1,80,16,14,-49,6,78,14,-89,6,102,91,1406,0,0,0,1,     ,     ,     ,     ,     ,     ,     ,     ,     ,     ,76,98,3,51,16,16,1.4,16.6,0.0,2022-03-07
278,20220308,119,31,32,60,12,10,1,120,13,33,-43,3,105,15,-70,6,103,91,1389,0,0,0,1,     ,     ,     ,     ,     ,     ,     ,     ,     ,     ,62,91,3,36,13,17,3.3,14.7,0.0,2022-03-08
278,20220309,138,23,23,40,10,10,18,70,9,41,-43,6,129,16,-71,6,101,89,1416,0,0,0,1,     ,     ,     ,     ,     ,     ,     ,     ,     ,     ,59,85,24,29,16,17,4.1,13.9,0.0,2022-03-09
278,20220310,127,26,28,50,14,10,5,80,12,69,-39,6,156,15,-58,6,103,90,1392,0,0,0,1,     ,     ,     ,     ,     ,     ,     ,     ,     ,     ,54,85,2,31,15,19,6.9,11.1,0.0,2022-03-10
278,20220311,116,47,47,60,9,30,19,110,13,85,28,6,141,15,13,6,104,90,1402,0,0,0,1,     ,     ,     ,     ,     ,     ,     ,     ,     ,     ,50,70,6,38,16,20,8.5,9.5,0.0,2022-03-11
278,20220312,150,26,30,50,11,10,19,100,11,99,55,20,145,16,20,24,86,74,1126,0,0,0,1,     ,     ,     ,     ,     ,     ,     ,     ,     ,     ,57,83,20,39,2,16,9.9,8.1,0.0,2022-03-12
278,20220313,130,27,30,40,10,20,5,90,14,110,53,6,166,16,35,6,81,70,1219,0,0,0,1,     ,     ,     ,     ,     ,     ,     ,     ,     ,     ,56,71,2,41,15,18,11.0,7.0,0.0,2022-03-13
278,20220314,238,21,25,50,12,0,20,90,13,87,15,23,135,14,-13,24,34,29,661,0,0,0,1,     ,     ,     ,     ,     ,     ,     ,     ,     ,     ,79,99,23,59,14,9,8.7,9.3,0.0,2022-03-14
278,20220315,109,13,14,30,13,0,1,50,14,60,7,3,129,16,-18,24,38,32,730,0,0,0,1,     ,     ,     ,     ,     ,     ,     ,     ,     ,     ,86,99,4,60,15,10,6.0,12.0,0.0,2022-03-15
278,20220316,123,34,34,50,10,0,2,100,11,85,-15,6,144,13,-35,6,63,53,1232,0,0,0,1,     ,     ,     ,     ,     ,     ,     ,     ,     ,     ,72,99,2,53,12,17,8.5,9.5,0.0,2022-03-16
278,20220317,278,25,33,60,7,0,19,130,5,74,-7,24,115,4,-45,24,65,55,1113,6,5,5,5,     ,     ,     ,     ,     ,     ,     ,     ,     ,     ,76,98,21,53,16,15,7.4,10.6,0.0,2022-03-17
278,20220318,54,16,17,40,14,0,1,70,13,68,-23,6,149,15,-55,6,108,90,1509,0,0,0,1,     ,     ,     ,     ,     ,     ,     ,     ,     ,     ,78,99,7,51,14,20,6.8,11.2,0.0,2022-03-18
278,20220319,72,48,48,80,14,20,2,130,13,76,31,5,129,13,11,6,110,91,1633,0,0,0,1,     ,     ,     ,     ,     ,     ,     ,     ,     ,     ,62,86,3,33,13,22,7.6,10.4,0.0,2022-03-19
278,20220320,93,32,40,80,9,10,17,130,12,47,-3,24,101,14,-18,24,47,39,805,16,26,18,16,     ,     ,     ,     ,     ,     ,     ,     ,     ,     ,76,99,20,45,13,10,4.7,13.3,0.0,2022-03-20
278,20220321,103,9,13,30,15,0,6,60,15,68,-27,5,160,16,-42,6,105,86,1568,0,0,0,1,     ,     ,     ,     ,     ,     ,     ,     ,     ,     ,79,100,8,50,12,21,6.8,11.2,0.0,2022-03-21
278,20220322,95,12,14,30,14,0,19,50,13,99,15,5,191,15,-2,24,113,92,1528,0,0,0,1,     ,     ,     ,     ,     ,     ,     ,     ,     ,     ,72,97,5,39,14,22,9.9,8.1,0.0,2022-03-22
278,20220323,73,10,11,30,11,0,1,60,11,92,12,6,185,13,-33,6,113,92,1665,0,0,0,1,     ,     ,     ,     ,     ,     ,     ,     ,     ,     ,63,95,5,29,12,24,9.2,8.8,0.0,2022-03-23
278,20220324,360,11,11,30,18,0,1,60,18,92,-5,6,181,13,-48,6,113,91,1674,0,0,0,1,     ,     ,     ,     ,     ,     ,     ,     ,     ,     ,64,96,6,26,12,24,9.2,8.8,0.0,2022-03-24
278,20220325,28,14,16,30,12,0,5,60,14,80,-14,5,169,15,-38,6,95,76,1590,0,0,0,1,     ,     ,     ,     ,     ,     ,     ,     ,     ,     ,71,99,5,37,16,22,8.0,10.0,0.0,2022-03-25
278,20220326,358,17,18,30,11,0,1,70,14,95,4,4,177,14,-26,6,115,92,1719,0,0,0,1,     ,     ,     ,     ,     ,     ,     ,     ,     ,     ,75,97,6,46,12,25,9.5,8.5,0.0,2022-03-26
278,20220327,41,18,19,30,1,0,6,50,2,84,18,6,155,16,-10,6,95,75,1683,0,0,0,1,     ,     ,     ,     ,     ,     ,     ,     ,     ,     ,77,99,6,46,16,24,8.4,9.6,0.0,2022-03-27
278,20220328,18,14,16,20,3,10,1,50,23,70,26,1,131,17,1,6,57,45,1203,0,0,0,1,     ,     ,     ,     ,     ,     ,     ,     ,     ,     ,88,99,2,65,16,16,7.0,11.0,0.0,2022-03-28
278,20220329,40,16,18,30,15,10,1,70,14,70,5,24,132,16,-27,24,66,52,1354,0,0,0,1,     ,     ,     ,     ,     ,     ,     ,     ,     ,     ,79,96,24,52,14,18,7.0,11.0,0.0,2022-03-29
278,20220330,38,23,23,40,15,0,2,70,10,49,-8,5,90,13,-28,6,42,33,1139,29,12,5,23,     ,     ,     ,     ,     ,     ,     ,     ,     ,     ,80,99,2,57,14,14,4.9,13.1,0.0,2022-03-30
278,20220331,41,30,34,80,22,10,8,140,19,15,-3,24,41,19,-2,24,0,0,216,199,178,26,12,     ,     ,     ,     ,     ,     ,     ,     ,     ,     ,92,99,16,66,21,2,1.5,16.5,0.0,2022-03-31
278,20220401,36,52,53,70,12,30,21,140,13,21,-5,3,40,16,-3,6,17,13,1052,37,10,3,1,     ,     ,     ,     ,     ,     ,     ,     ,     ,     ,73,96,1,56,17,12,2.1,15.9,0.0,2022-04-01
278,20220402,21,29,32,50,9,10,21,120,16,21,-37,24,65,13,-79,24,57,44,1252,0,0,0,1,     ,     ,     ,     ,     ,     ,     ,     ,     ,     ,66,91,24,46,17,14,2.1,15.9,0.0,2022-04-02
278,20220403,271,26,29,50,13,10,1,90,11,32,-40,1,94,16,-77,6,90,69,1603,0,0,0,1,     ,     ,     ,     ,     ,     ,     ,     ,     ,     ,77,93,2,53,15,19,3.2,14.8,0.0,2022-04-03
278,20220404,239,56,60,100,10,20,21,170,8,64,15,1,94,18,2,6,0,0,346,146,172,22,21,     ,     ,     ,     ,     ,     ,     ,     ,     ,     ,87,96,16,68,7,5,6.4,11.6,0.0,2022-04-04
278,20220405,255,39,41,60,11,20,5,120,15,90,69,5,111,13,68,6,0,0,366,58,26,5,16,     ,     ,     ,     ,     ,     ,     ,     ,     ,     ,92,97,6,85,13,5,9.0,9.0,0.0,2022-04-05
278,20220406,222,63,63,70,8,50,1,140,22,94,86,6,101,23,80,6,3,2,375,37,18,4,16,     ,     ,     ,     ,     ,     ,     ,     ,     ,     ,84,92,15,76,6,5,9.4,8.6,0.0,2022-04-06
278,20220407,249,79,84,130,14,60,2,230,14,81,36,7,111,14,37,12,29,22,873,94,166,53,7,     ,     ,     ,     ,     ,     ,     ,     ,     ,     ,78,89,7,58,13,12,8.1,9.9,0.0,2022-04-07
278,20220408,269,39,43,60,1,30,19,120,1,60,25,6,93,13,15,6,63,47,1328,10,9,9,1,     ,     ,     ,     ,     ,     ,     ,     ,     ,     ,74,88,1,60,10,17,6.0,12.0,0.0,2022-04-08
278,20220409,282,43,46,80,12,20,20,170,14,48,17,24,87,11,5,24,80,59,1452,35,48,12,18,     ,     ,     ,     ,     ,     ,     ,     ,     ,     ,81,91,21,69,11,18,4.8,13.2,0.0,2022-04-09
278,20220410,284,22,26,50,9,0,20,90,9,52,1,24,106,15,-31,24,103,76,1918,5,5,5,6,     ,     ,     ,     ,     ,     ,     ,     ,     ,     ,74,94,24,49,14,24,5.2,12.8,0.0,2022-04-10
278,20220411,95,26,26,50,16,0,1,90,16,81,-1,4,148,15,-35,6,97,71,1911,0,0,0,1,     ,     ,     ,     ,     ,     ,     ,     ,     ,     ,65,96,4,38,15,27,8.1,9.9,0.0,2022-04-11
278,20220412,126,24,28,40,2,10,18,80,12,130,36,3,211,16,19,6,84,61,1765,0,0,0,1,     ,     ,     ,     ,     ,     ,     ,     ,     ,     ,63,85,3,37,16,28,13.0,5.0,0.0,2022-04-12
278,20220413,242,11,15,30,12,0,6,60,12,129,80,6,178,12,52,6,8,6,911,4,1,1,15,     ,     ,     ,     ,     ,     ,     ,     ,     ,     ,81,98,23,63,12,14,12.9,5.1,0.0,2022-04-13
278,20220414,297,18,23,40,12,10,1,80,12,120,50,24,181,13,19,24,98,71,1743,0,0,0,1,     ,     ,     ,     ,     ,     ,     ,     ,     ,     ,80,99,5,53,12,27,12.0,6.0,0.0,2022-04-14
278,20220415,39,14,17,30,9,10,1,50,8,79,38,4,109,16,1,6,0,0,510,0,0,0,1,     ,     ,     ,     ,     ,     ,     ,     ,     ,     ,84,99,3,71,17,7,7.9,10.1,0.0,2022-04-15
278,20220416,85,33,34,60,13,0,1,90,10,87,26,3,142,14,-17,6,116,83,2001,0,0,0,1,     ,     ,     ,     ,     ,     ,     ,     ,     ,     ,68,98,1,37,15,28,8.7,9.3,0.0,2022-04-16
278,20220417,115,21,24,40,13,10,1,80,13,94,-5,5,174,15,-31,6,132,94,2349,0,0,0,1,     ,     ,     ,     ,     ,     ,     ,     ,     ,     ,56,91,5,25,16,34,9.4,8.6,0.0,2022-04-17
278,20220418,124,17,18,30,1,10,3,60,13,114,12,5,199,15,-16,6,128,91,2297,0,0,0,1,     ,     ,     ,     ,     ,     ,     ,     ,     ,     ,53,86,24,28,15,35,11.4,6.6,0.0,2022-04-18
278,20220419,71,26,27,60,13,0,3,100,12,113,20,4,172,14,-9,6,130,92,2297,0,0,0,1,     ,     ,     ,     ,     ,     ,     ,     ,     ,     ,60,90,4,37,12,35,11.3,6.699999999999999,0.0,2022-04-19
278,20220420,68,32,33,50,9,10,3,100,13,109,42,5,170,15,-3,6,130,91,2308,0,0,0,1,     ,     ,     ,     ,     ,     ,     ,     ,     ,     ,58,77,4,40,9,35,10.9,7.1,0.0,2022-04-20
278,20220421,69,38,39,70,10,20,1,130,10,119,47,4,170,13,16,6,95,66,2069,0,0,0,1,     ,     ,     ,     ,     ,     ,     ,     ,     ,     ,61,83,5,40,12,32,11.9,6.1,0.0,2022-04-21
278,20220422,75,47,48,80,15,30,4,130,15,126,73,5,178,14,64,6,114,79,2072,0,0,0,1,     ,     ,     ,     ,     ,     ,     ,     ,     ,     ,64,86,4,45,12,32,12.6,5.4,0.0,2022-04-22
278,20220423,78,55,56,90,10,30,2,140,11,129,86,3,175,15,73,6,126,87,2278,0,0,0,1,     ,     ,     ,     ,     ,     ,     ,     ,     ,     ,60,82,2,41,16,36,12.9,5.1,0.0,2022-04-23
278,20220424,40,37,39,50,7,20,22,110,17,110,62,24,169,14,42,24,115,79,2184,0,0,0,1,     ,     ,     ,     ,     ,     ,     ,     ,     ,     ,63,86,24,40,13,33,11.0,7.0,0.0,2022-04-24
278,20220425,42,23,25,30,5,10,1,70,9,85,61,1,112,16,48,6,5,3,470,0,-1,-1,1,     ,     ,     ,     ,     ,     ,     ,     ,     ,     ,79,90,4,66,22,7,8.5,9.5,0.0,2022-04-25
278,20220426,348,25,27,40,7,0,21,80,7,87,16,24,143,14,-29,24,81,55,1975,0,0,0,1,     ,     ,     ,     ,     ,     ,     ,     ,     ,     ,71,95,24,47,13,28,8.7,9.3,0.0,2022-04-26
278,20220427,352,9,11,30,14,0,1,60,12,69,-9,5,134,13,-38,6,85,58,1863,0,0,0,1,     ,     ,     ,     ,     ,     ,     ,     ,     ,     ,74,98,3,48,13,25,6.9,11.1,0.0,2022-04-27
278,20220428,39,20,20,40,16,0,1,70,9,81,-2,4,151,14,-45,6,93,63,2203,0,0,0,1,     ,     ,     ,     ,     ,     ,     ,     ,     ,     ,73,98,1,52,13,31,8.1,9.9,0.0,2022-04-28
278,20220429,23,22,23,40,13,0,24,70,8,78,26,24,120,16,0,24,31,21,1359,0,0,0,1,     ,     ,     ,     ,     ,     ,     ,     ,     ,     ,75,93,3,58,16,19,7.8,10.2,0.0,2022-04-29
278,20220430,320,12,15,30,10,0,1,60,10,78,4,4,114,16,-27,6,21,14,888,0,0,0,1,     ,     ,     ,     ,     ,     ,     ,     ,     ,     ,77,98,2,60,17,12,7.8,10.2,0.0,2022-04-30
278,20220501,52,9,13,20,8,0,20,50,10,95,41,24,150,13,-9,24,51,34,1712,0,0,0,1,     ,     ,     ,     ,     ,     ,     ,     ,     ,     ,71,94,24,45,12,25,9.5,8.5,0.0,2022-05-01
278,20220502,8,10,15,30,15,0,2,80,18,106,14,5,183,15,-28,6,137,91,2554,0,0,0,1,     ,     ,     ,     ,     ,     ,     ,     ,     ,     ,64,99,5,36,15,38,10.6,7.4,0.0,2022-05-02
278,20220503,7,19,19,40,12,0,1,70,12,91,11,4,140,12,-18,6,53,35,1388,0,0,0,1,     ,     ,     ,     ,     ,     ,     ,     ,     ,     ,76,96,4,58,17,20,9.1,8.9,0.0,2022-05-03
278,20220504,341,13,15,30,13,0,4,60,13,99,57,23,154,15,29,24,100,66,2374,0,0,0,1,     ,     ,     ,     ,     ,     ,     ,     ,     ,     ,65,90,23,46,15,35,9.9,8.1,0.0,2022-05-04
278,20220505,328,7,10,20,11,0,1,60,12,120,31,5,205,15,-3,6,92,61,2200,0,0,0,1,     ,     ,     ,     ,     ,     ,     ,     ,     ,     ,69,98,3,37,13,34,12.0,6.0,0.0,2022-05-05
278,20220506,296,14,15,30,12,0,3,70,13,130,43,3,207,16,7,6,76,50,2077,0,0,0,1,     ,     ,     ,     ,     ,     ,     ,     ,     ,     ,79,99,1,50,15,33,13.0,5.0,0.0,2022-05-06
278,20220507,356,18,23,50,17,0,1,80,15,141,85,2,204,15,55,6,79,52,1971,0,0,0,1,     ,     ,     ,     ,     ,     ,     ,     ,     ,     ,76,98,1,58,13,32,14.1,3.9000000000000004,0.0,2022-05-07
278,20220508,40,21,22,30,8,10,2,70,8,110,36,5,176,16,3,6,140,91,2673,0,0,0,1,     ,     ,     ,     ,     ,     ,     ,     ,     ,     ,65,96,4,36,14,40,11.0,7.0,0.0,2022-05-08
278,20220509,178,5,15,30,14,0,4,60,12,138,19,5,228,16,-23,6,134,87,2639,0,0,0,1,     ,     ,     ,     ,     ,     ,     ,     ,     ,     ,64,98,4,34,13,42,13.8,4.199999999999999,0.0,2022-05-09
278,20220510,236,26,32,80,13,0,2,140,13,170,94,2,241,13,64,6,5,3,1201,0,0,0,1,     ,     ,     ,     ,     ,     ,     ,     ,     ,     ,60,85,2,41,12,21,17.0,1.0,0.0,2022-05-10
278,20220511,246,46,49,70,11,10,3,120,11,167,114,24,222,15,105,24,79,51,2248,8,3,2,22,     ,     ,     ,     ,     ,     ,     ,     ,     ,     ,61,90,22,36,13,38,16.7,1.3000000000000007,0.0,2022-05-11
278,20220512,255,31,33,50,10,10,21,100,9,139,80,23,200,14,28,24,114,73,2264,0,0,0,1,     ,     ,     ,     ,     ,     ,     ,     ,     ,     ,64,93,4,36,15,36,13.9,4.1,0.0,2022-05-12
278,20220513,251,40,43,60,10,20,20,120,14,137,88,3,186,12,65,24,58,37,1605,0,0,0,1,     ,     ,     ,     ,     ,     ,     ,     ,     ,     ,66,80,4,50,14,26,13.7,4.300000000000001,0.0,2022-05-13
278,20220514,302,13,20,30,1,10,3,70,10,146,77,4,216,14,21,24,139,89,2636,0,0,0,1,     ,     ,     ,     ,     ,     ,     ,     ,     ,     ,66,94,24,39,15,43,14.6,3.4000000000000004,0.0,2022-05-14
278,20220515,80,27,28,40,8,0,1,90,13,164,60,4,239,16,14,6,143,91,2722,0,0,0,1,     ,     ,     ,     ,     ,     ,     ,     ,     ,     ,61,97,3,36,14,46,16.4,1.6000000000000014,0.0,2022-05-15
278,20220516,220,10,30,60,15,20,8,130,14,179,108,2,258,13,84,6,45,28,1462,7,8,8,16,     ,     ,     ,     ,     ,     ,     ,     ,     ,     ,68,86,16,47,13,26,17.9,0.10000000000000142,0.0,2022-05-16
278,20220517,118,13,20,40,17,0,3,60,15,171,108,4,222,16,78,6,51,32,1363,3,1,1,11,     ,     ,     ,     ,     ,     ,     ,     ,     ,     ,79,96,3,66,15,24,17.1,0.8999999999999986,0.0,2022-05-17
278,20220518,274,8,20,40,9,10,1,70,8,201,123,3,277,12,75,6,123,77,2315,0,0,0,1,     ,     ,     ,     ,     ,     ,     ,     ,     ,     ,71,96,4,49,12,42,20.1,0.0,2.1000000000000014,2022-05-18
278,20220519,243,10,25,50,18,10,8,130,14,182,104,24,264,12,62,24,48,30,1418,18,124,83,14,     ,     ,     ,     ,     ,     ,     ,     ,     ,     ,81,98,24,47,12,25,18.2,0.0,0.1999999999999993,2022-05-19
278,20220520,269,6,28,50,20,0,2,100,20,133,86,3,194,12,49,6,42,26,1418,40,102,44,15,     ,     ,     ,     ,     ,     ,     ,     ,     ,     ,87,99,3,58,13,23,13.3,4.699999999999999,0.0,2022-05-20
278,20220521,264,35,38,60,8,0,21,120,12,135,71,24,181,13,29,24,77,48,1913,0,0,0,1,     ,     ,     ,     ,     ,     ,     ,     ,     ,     ,78,99,24,60,14,31,13.5,4.5,0.0,2022-05-21
278,20220522,102,14,18,40,16,0,1,70,16,148,56,4,205,15,19,6,134,83,2734,0,0,0,1,     ,     ,     ,     ,     ,     ,     ,     ,     ,     ,70,99,3,50,14,45,14.8,3.1999999999999993,0.0,2022-05-22
278,20220523,157,7,27,50,23,10,4,100,19,172,113,4,240,11,100,6,27,17,1404,26,127,100,19,     ,     ,     ,     ,     ,     ,     ,     ,     ,     ,75,95,18,50,11,24,17.2,0.8000000000000007,0.0,2022-05-23
278,20220524,236,33,36,60,9,10,21,130,11,130,84,23,165,15,54,24,54,33,1493,13,22,9,12,     ,     ,     ,     ,     ,     ,     ,     ,     ,     ,82,95,22,62,15,24,13.0,5.0,0.0,2022-05-24
278,20220525,227,46,47,70,13,20,1,130,14,136,86,3,184,13,67,6,72,44,1854,5,3,3,23,     ,     ,     ,     ,     ,     ,     ,     ,     ,     ,76,95,3,50,14,30,13.6,4.4,0.0,2022-05-25
278,20220526,247,52,53,70,13,30,5,130,14,162,135,1,197,13,130,6,46,28,1787,20,37,27,24,     ,     ,     ,     ,     ,     ,     ,     ,     ,     ,73,96,24,53,13,30,16.2,1.8000000000000007,0.0,2022-05-26
278,20220527,277,46,48,70,8,30,3,130,11,132,91,23,164,12,77,24,79,48,2176,4,1,1,1,     ,     ,     ,     ,     ,     ,     ,     ,     ,     ,70,93,1,50,11,35,13.2,4.800000000000001,0.0,2022-05-27
278,20220528,305,31,33,50,12,10,20,110,13,114,55,23,160,15,14,24,107,65,2316,6,28,28,2,     ,     ,     ,     ,     ,     ,     ,     ,     ,     ,70,95,23,47,14,35,11.4,6.6,0.0,2022-05-28
278,20220529,316,21,25,40,10,10,21,90,11,102,45,24,135,11,6,24,6,4,1289,3,3,3,1,     ,     ,     ,     ,     ,     ,     ,     ,     ,     ,77,95,2,62,9,19,10.2,7.800000000000001,0.0,2022-05-29
278,20220530,278,11,18,30,8,10,1,80,12,107,45,5,149,14,18,6,81,49,2069,0,0,0,1,     ,     ,     ,     ,     ,     ,     ,     ,     ,     ,73,97,1,54,13,31,10.7,7.300000000000001,0.0,2022-05-30
278,20220531,155,10,19,50,17,0,20,110,17,125,62,1,185,15,19,6,64,39,2040,7,3,3,18,     ,     ,     ,     ,     ,     ,     ,     ,     ,     ,72,97,24,35,15,32,12.5,5.5,0.0,2022-05-31
278,20220601,269,22,25,50,10,10,1,120,10,119,78,24,172,14,43,24,80,48,2042,11,40,21,11,     ,     ,     ,     ,     ,     ,     ,     ,     ,     ,81,98,22,60,13,31,11.9,6.1,0.0,2022-06-01
278,20220602,3,7,15,20,9,0,1,70,11,133,47,4,196,16,13,6,139,84,2739,0,0,0,1,     ,     ,     ,     ,     ,     ,     ,     ,     ,     ,69,99,1,43,14,44,13.3,4.699999999999999,0.0,2022-06-02
278,20220603,60,34,37,50,11,20,1,100,19,164,84,3,227,16,63,6,145,88,2911,0,0,0,1,     ,     ,     ,     ,     ,     ,     ,     ,     ,     ,61,84,3,38,14,50,16.4,1.6000000000000014,0.0,2022-06-03
278,20220604,48,37,37,50,10,30,1,90,10,162,101,4,224,15,91,6,130,78,2663,0,0,0,1,     ,     ,     ,     ,     ,     ,     ,     ,     ,     ,69,89,3,47,16,45,16.2,1.8000000000000007,0.0,2022-06-04
278,20220605,73,22,37,60,11,20,19,110,23,168,113,2,234,13,107,6,16,10,1072,72,211,58,22,     ,     ,     ,     ,     ,     ,     ,     ,     ,     ,82,97,16,56,10,18,16.8,1.1999999999999993,0.0,2022-06-05
278,20220606,231,54,55,80,2,30,20,140,9,141,119,22,186,12,115,24,44,26,1464,47,96,31,16,     ,     ,     ,     ,     ,     ,     ,     ,     ,     ,85,93,1,57,11,24,14.1,3.9000000000000004,0.0,2022-06-06
278,20220607,246,36,40,70,7,0,21,120,7,145,97,22,192,15,66,24,60,36,1745,0,-1,-1,1,     ,     ,     ,     ,     ,     ,     ,     ,     ,     ,79,99,22,60,16,28,14.5,3.5,0.0,2022-06-07
278,20220608,207,25,28,50,12,10,1,90,12,158,111,1,205,11,110,6,26,16,1293,54,107,28,18,     ,     ,     ,     ,     ,     ,     ,     ,     ,     ,87,97,22,66,11,22,15.8,2.1999999999999993,0.0,2022-06-08
278,20220609,272,30,34,60,11,0,21,110,11,159,99,23,209,15,58,24,149,89,2886,0,0,0,1,     ,     ,     ,     ,     ,     ,     ,     ,     ,     ,74,97,1,50,17,49,15.9,2.0999999999999996,0.0,2022-06-09
278,20220610,209,22,23,50,12,10,2,90,11,171,98,4,229,15,61,6,27,16,1423,0,0,0,1,     ,     ,     ,     ,     ,     ,     ,     ,     ,     ,78,95,24,60,15,25,17.1,0.8999999999999986,0.0,2022-06-10
278,20220611,252,26,28,50,6,0,20,80,6,174,99,23,234,15,50,24,128,76,2437,0,0,0,1,     ,     ,     ,     ,     ,     ,     ,     ,     ,     ,70,95,22,47,16,42,17.4,0.6000000000000014,0.0,2022-06-11
278,20220612,272,24,28,60,12,0,22,110,12,161,93,2,225,14,47,6,139,83,2780,0,0,0,1,     ,     ,     ,     ,     ,     ,     ,     ,     ,     ,69,97,23,37,14,47,16.1,1.8999999999999986,0.0,2022-06-12
278,20220613,281,28,30,60,11,0,22,110,1,143,76,24,195,13,47,24,118,70,2673,9,17,15,1,     ,     ,     ,     ,     ,     ,     ,     ,     ,     ,73,97,24,48,14,43,14.3,3.6999999999999993,0.0,2022-06-13
278,20220614,67,4,11,20,10,0,3,50,15,139,62,4,208,18,31,6,93,55,2332,0,0,0,1,     ,     ,     ,     ,     ,     ,     ,     ,     ,     ,71,97,1,46,17,38,13.9,4.1,0.0,2022-06-14
278,20220615,45,20,20,30,8,0,2,80,9,169,74,4,235,15,33,6,146,87,2984,0,0,0,1,     ,     ,     ,     ,     ,     ,     ,     ,     ,     ,63,98,2,40,15,51,16.9,1.1000000000000014,0.0,2022-06-15
278,20220616,360,11,13,30,14,0,3,70,13,168,74,4,244,14,35,6,122,72,2759,0,0,0,1,     ,     ,     ,     ,     ,     ,     ,     ,     ,     ,68,97,4,44,11,47,16.8,1.1999999999999993,0.0,2022-06-16
278,20220617,191,18,20,40,11,0,1,80,10,210,106,1,287,17,76,6,90,53,2458,0,0,0,1,     ,     ,     ,     ,     ,     ,     ,     ,     ,     ,61,98,1,35,15,46,21.0,0.0,3.0,2022-06-17
278,20220618,352,16,27,40,17,10,5,90,18,211,140,24,268,15,133,24,132,78,2565,0,0,0,1,     ,     ,     ,     ,     ,     ,     ,     ,     ,     ,67,80,4,56,11,48,21.1,0.0,3.1000000000000014,2022-06-18
278,20220619,3,23,26,50,4,10,19,100,5,142,107,24,174,15,99,24,16,9,1012,36,31,10,9,     ,     ,     ,     ,     ,     ,     ,     ,     ,     ,77,97,24,62,5,16,14.2,3.8000000000000007,0.0,2022-06-19
278,20220620,323,26,25,50,14,0,4,110,14,147,77,24,197,13,28,24,136,81,2579,0,0,0,1,     ,     ,     ,     ,     ,     ,     ,     ,     ,     ,72,98,4,48,14,42,14.7,3.3000000000000007,0.0,2022-06-20
278,20220621,18,7,13,20,7,0,1,60,14,158,54,4,226,16,17,6,103,61,2619,0,0,0,1,     ,     ,     ,     ,     ,     ,     ,     ,     ,     ,68,98,1,41,14,44,15.8,2.1999999999999993,0.0,2022-06-21
278,20220622,38,17,19,30,11,0,2,70,20,181,76,4,253,15,39,6,155,92,3065,0,0,0,1,     ,     ,     ,     ,     ,     ,     ,     ,     ,     ,63,98,2,28,14,54,18.1,0.0,0.10000000000000142,2022-06-22
278,20220623,119,13,22,40,13,0,20,90,14,225,110,3,314,16,75,6,140,83,2839,0,0,0,1,     ,     ,     ,     ,     ,     ,     ,     ,     ,     ,64,96,3,34,15,54,22.5,0.0,4.5,2022-06-23
278,20220624,244,19,23,40,4,10,1,80,3,199,153,24,246,15,112,24,53,31,1455,16,28,24,8,     ,     ,     ,     ,     ,     ,     ,     ,     ,     ,83,97,23,59,16,26,19.9,0.0,1.8999999999999986,2022-06-24
278,20220625,203,16,24,40,8,0,23,80,8,201,153,1,249,15,113,6,95,56,2166,0,0,0,1,     ,     ,     ,     ,     ,     ,     ,     ,     ,     ,76,97,23,53,14,40,20.1,0.0,2.1000000000000014,2022-06-25
278,20220626,211,14,18,40,8,0,21,70,1,178,151,24,207,11,137,6,24,14,1310,0,-1,-1,1,     ,     ,     ,     ,     ,     ,     ,     ,     ,     ,80,96,4,63,11,23,17.8,0.1999999999999993,0.0,2022-06-26
278,20220627,212,4,11,20,16,0,3,70,16,162,123,23,207,13,86,24,14,8,897,11,87,56,16,     ,     ,     ,     ,     ,     ,     ,     ,     ,     ,86,97,21,66,12,15,16.2,1.8000000000000007,0.0,2022-06-27
278,20220628,196,11,20,30,10,10,4,120,14,175,104,4,239,18,79,6,140,83,2832,0,0,0,1,     ,     ,     ,     ,     ,     ,     ,     ,     ,     ,70,98,4,40,16,49,17.5,0.5,0.0,2022-06-28
278,20220629,109,18,20,30,7,0,22,60,12,205,126,4,271,15,108,24,135,80,2782,0,0,0,1,     ,     ,     ,     ,     ,     ,     ,     ,     ,     ,65,95,24,40,14,51,20.5,0.0,2.5,2022-06-29
278,20220630,297,19,30,70,19,10,1,150,19,198,139,23,269,11,101,6,120,71,2524,26,105,42,19,     ,     ,     ,     ,     ,     ,     ,     ,     ,     ,74,97,23,55,11,46,19.8,0.0,1.8000000000000007,2022-06-30
278,20220701,226,33,34,60,15,10,21,100,14,163,111,24,215,15,85,24,83,49,2151,0,0,0,1,     ,     ,     ,     ,     ,     ,     ,     ,     ,     ,74,96,4,45,14,37,16.3,1.6999999999999993,0.0,2022-07-01
278,20220702,205,16,20,40,8,0,20,90,10,179,108,3,242,17,65,6,110,66,2490,0,0,0,1,     ,     ,     ,     ,     ,     ,     ,     ,     ,     ,67,95,2,41,16,44,17.9,0.10000000000000142,0.0,2022-07-02
278,20220703,273,21,23,50,14,0,1,130,14,172,108,24,234,11,69,24,112,67,2504,0,-1,-1,1,     ,     ,     ,     ,     ,     ,     ,     ,     ,     ,76,97,3,51,10,43,17.2,0.8000000000000007,0.0,2022-07-03
278,20220704,262,22,27,50,12,0,24,110,13,164,95,4,227,13,52,24,126,75,2527,0,0,0,1,     ,     ,     ,     ,     ,     ,     ,     ,     ,     ,74,98,1,47,15,43,16.4,1.6000000000000014,0.0,2022-07-04
278,20220705,287,21,24,50,13,0,1,100,14,154,81,3,215,11,38,6,63,38,2017,0,0,0,1,     ,     ,     ,     ,     ,     ,     ,     ,     ,     ,72,98,3,49,14,34,15.4,2.5999999999999996,0.0,2022-07-05
278,20220706,253,26,28,40,10,10,1,100,17,163,93,1,210,14,50,6,42,25,1793,0,-1,-1,1,     ,     ,     ,     ,     ,     ,     ,     ,     ,     ,72,95,1,45,14,30,16.3,1.6999999999999993,0.0,2022-07-06
278,20220707,314,34,38,50,8,20,21,120,12,161,143,24,187,11,139,24,26,16,1442,29,31,18,5,     ,     ,     ,     ,     ,     ,     ,     ,     ,     ,77,96,3,62,14,24,16.1,1.8999999999999986,0.0,2022-07-07
278,20220708,281,22,23,40,14,0,22,90,15,171,95,4,235,16,74,6,31,19,1729,0,0,0,1,     ,     ,     ,     ,     ,     ,     ,     ,     ,     ,78,99,24,60,13,30,17.1,0.8999999999999986,0.0,2022-07-08
278,20220709,313,24,29,50,14,10,1,100,14,168,112,2,223,13,76,6,52,31,1976,0,0,0,1,     ,     ,     ,     ,     ,     ,     ,     ,     ,     ,76,99,1,57,15,34,16.8,1.1999999999999993,0.0,2022-07-09
278,20220710,301,24,25,40,12,10,1,80,8,161,104,3,200,15,91,6,20,12,1041,6,6,5,8,     ,     ,     ,     ,     ,     ,     ,     ,     ,     ,79,92,9,62,14,18,16.1,1.8999999999999986,0.0,2022-07-10
278,20220711,321,14,15,20,1,0,21,50,1,173,115,24,216,17,80,24,29,18,1281,0,0,0,1,     ,     ,     ,     ,     ,     ,     ,     ,     ,     ,83,99,23,68,18,22,17.3,0.6999999999999993,0.0,2022-07-11
278,20220712,209,7,14,30,13,0,2,60,13,202,92,5,273,14,70,6,77,47,2310,0,0,0,1,     ,     ,     ,     ,     ,     ,     ,     ,     ,     ,73,99,2,48,13,42,20.2,0.0,2.1999999999999993,2022-07-12
278,20220713,286,21,29,60,12,10,6,110,12,216,120,24,278,11,83,24,102,62,2598,0,0,0,1,     ,     ,     ,     ,     ,     ,     ,     ,     ,     ,65,95,24,45,13,49,21.6,0.0,3.6000000000000014,2022-07-13
278,20220714,325,16,18,40,15,0,2,90,15,159,85,4,217,14,32,6,101,61,2115,0,0,0,1,     ,     ,     ,     ,     ,     ,     ,     ,     ,     ,72,99,4,50,13,36,15.9,2.0999999999999996,0.0,2022-07-14
278,20220715,273,21,23,40,11,10,1,80,10,166,85,1,216,13,35,6,85,52,2206,0,0,0,1,     ,     ,     ,     ,     ,     ,     ,     ,     ,     ,67,98,4,48,12,38,16.6,1.3999999999999986,0.0,2022-07-15
278,20220716,323,22,25,40,7,0,22,90,7,162,83,24,208,16,27,24,114,70,2323,4,5,5,3,     ,     ,     ,     ,     ,     ,     ,     ,     ,     ,68,97,24,47,11,39,16.2,1.8000000000000007,0.0,2022-07-16
278,20220717,94,3,7,20,15,0,1,40,11,163,61,4,255,17,18,6,128,78,2670,0,0,0,1,     ,     ,     ,     ,     ,     ,     ,     ,     ,     ,70,99,5,40,14,45,16.3,1.6999999999999993,0.0,2022-07-17
278,20220718,218,2,11,20,7,0,1,60,11,217,101,3,324,17,57,6,117,72,2557,0,0,0,1,     ,     ,     ,     ,     ,     ,     ,     ,     ,     ,61,96,4,25,16,48,21.7,0.0,3.6999999999999993,2022-07-18
278,20220719,126,12,16,30,12,0,2,70,12,261,132,4,368,15,96,6,150,92,2652,0,0,0,1,     ,     ,     ,     ,     ,     ,     ,     ,     ,     ,55,97,4,20,12,53,26.1,0.0,8.100000000000001,2022-07-19
278,20220720,267,14,27,60,10,10,2,100,10,238,147,4,306,13,115,6,115,71,2442,7,6,6,24,     ,     ,     ,     ,     ,     ,     ,     ,     ,     ,62,91,24,39,13,47,23.8,0.0,5.800000000000001,2022-07-20
278,20220721,245,16,23,30,7,10,2,80,12,182,152,23,225,10,150,24,13,8,756,59,137,37,12,     ,     ,     ,     ,     ,     ,     ,     ,     ,     ,92,98,2,77,9,13,18.2,0.0,0.1999999999999993,2022-07-21
278,20220722,340,10,12,20,9,0,24,70,14,164,129,24,197,14,103,24,11,7,1118,0,-1,-1,1,     ,     ,     ,     ,     ,     ,     ,     ,     ,     ,78,95,24,62,13,19,16.4,1.6000000000000014,0.0,2022-07-22
278,20220723,356,6,12,20,8,0,1,70,12,171,98,4,232,17,70,6,114,71,2265,0,0,0,1,     ,     ,     ,     ,     ,     ,     ,     ,     ,     ,78,99,1,54,17,39,17.1,0.8999999999999986,0.0,2022-07-23
278,20220724,208,21,26,40,8,10,3,90,10,222,145,1,291,17,106,6,136,85,2670,0,0,0,1,     ,     ,     ,     ,     ,     ,     ,     ,     ,     ,66,88,21,43,17,50,22.2,0.0,4.199999999999999,2022-07-24
278,20220725,242,32,38,60,15,20,1,140,15,214,173,24,250,12,153,6,54,34,1509,0,0,0,1,     ,     ,     ,     ,     ,     ,     ,     ,     ,     ,68,83,24,55,15,28,21.4,0.0,3.3999999999999986,2022-07-25
278,20220726,312,19,25,40,1,10,6,70,8,165,106,23,204,11,75,24,26,16,1339,0,0,0,1,     ,     ,     ,     ,     ,     ,     ,     ,     ,     ,77,95,23,54,16,23,16.5,1.5,0.0,2022-07-26
278,20220727,357,12,18,30,11,10,1,70,8,149,88,23,205,13,52,24,81,51,1870,0,0,0,1,     ,     ,     ,     ,     ,     ,     ,     ,     ,     ,72,98,4,46,15,31,14.9,3.0999999999999996,0.0,2022-07-27
278,20220728,62,25,27,50,10,0,1,90,14,159,72,4,216,16,40,6,96,61,2439,0,0,0,1,     ,     ,     ,     ,     ,     ,     ,     ,     ,     ,65,98,3,44,16,41,15.9,2.0999999999999996,0.0,2022-07-28
278,20220729,41,11,16,30,1,10,5,50,1,176,120,24,249,18,97,24,62,39,1705,0,0,0,1,     ,     ,     ,     ,     ,     ,     ,     ,     ,     ,71,99,24,43,17,30,17.6,0.3999999999999986,0.0,2022-07-29
278,20220730,294,14,20,30,8,10,1,80,12,189,129,1,237,13,99,6,96,61,2271,0,0,0,1,     ,     ,     ,     ,     ,     ,     ,     ,     ,     ,74,99,1,47,13,41,18.9,0.0,0.8999999999999986,2022-07-30
278,20220731,240,22,26,40,9,10,1,80,15,186,152,3,212,9,131,6,4,3,638,23,37,12,18,     ,     ,     ,     ,     ,     ,     ,     ,     ,     ,88,95,16,74,9,11,18.6,0.0,0.6000000000000014,2022-07-31
278,20220801,340,15,17,30,8,0,20,60,7,174,96,24,219,16,62,24,70,45,1921,24,24,12,1,     ,     ,     ,     ,     ,     ,     ,     ,     ,     ,78,99,2,46,15,33,17.4,0.6000000000000014,0.0,2022-08-01
278,20220802,215,21,26,50,11,10,1,100,11,199,87,3,275,16,59,6,113,73,2276,0,0,0,1,     ,     ,     ,     ,     ,     ,     ,     ,     ,     ,71,99,1,44,15,41,19.9,0.0,1.8999999999999986,2022-08-02
278,20220803,232,18,24,40,10,10,1,90,13,230,165,24,301,15,137,6,122,79,2463,0,0,0,1,     ,     ,     ,     ,     ,     ,     ,     ,     ,     ,71,96,23,41,14,47,23.0,0.0,5.0,2022-08-03
278,20220804,316,14,19,40,11,0,4,80,15,214,152,4,274,10,129,6,69,45,1681,6,3,2,23,     ,     ,     ,     ,     ,     ,     ,     ,     ,     ,75,98,5,53,16,31,21.4,0.0,3.3999999999999986,2022-08-04
278,20220805,315,21,23,40,11,10,1,90,11,170,82,24,227,11,38,24,73,47,1931,0,0,0,1,     ,     ,     ,     ,     ,     ,     ,     ,     ,     ,72,96,24,42,11,33,17.0,1.0,0.0,2022-08-05
278,20220806,335,13,15,30,11,0,2,60,13,151,66,4,223,16,26,6,112,73,2058,0,0,0,1,     ,     ,     ,     ,     ,     ,     ,     ,     ,     ,71,98,5,42,16,34,15.1,2.9000000000000004,0.0,2022-08-06
278,20220807,335,10,12,30,14,0,1,60,11,162,74,4,233,14,36,6,136,89,2474,0,0,0,1,     ,     ,     ,     ,     ,     ,     ,     ,     ,     ,69,97,2,40,16,42,16.2,1.8000000000000007,0.0,2022-08-07
278,20220808,18,14,15,30,11,0,1,70,14,170,84,4,233,13,57,6,75,49,1735,0,0,0,1,     ,     ,     ,     ,     ,     ,     ,     ,     ,     ,74,99,2,52,12,30,17.0,1.0,0.0,2022-08-08
278,20220809,39,23,23,40,16,10,1,80,11,184,98,4,255,15,59,6,138,91,2503,0,0,0,1,     ,     ,     ,     ,     ,     ,     ,     ,     ,     ,68,98,2,46,11,44,18.4,0.0,0.3999999999999986,2022-08-09
278,20220810,67,19,20,30,10,10,1,70,11,202,117,5,284,15,83,6,133,88,2467,0,0,0,1,     ,     ,     ,     ,     ,     ,     ,     ,     ,     ,67,98,5,34,15,45,20.2,0.0,2.1999999999999993,2022-08-10
278,20220811,71,19,20,40,10,10,1,70,10,221,130,5,305,14,92,6,138,92,2460,0,0,0,1,     ,     ,     ,     ,     ,     ,     ,     ,     ,     ,59,96,2,28,16,46,22.1,0.0,4.100000000000001,2022-08-11
278,20220812,85,18,19,40,12,10,1,80,11,223,137,4,307,14,96,6,138,92,2399,0,0,0,1,     ,     ,     ,     ,     ,     ,     ,     ,     ,     ,59,93,3,26,16,45,22.3,0.0,4.300000000000001,2022-08-12
278,20220813,89,19,20,40,13,0,20,90,13,222,119,5,308,14,87,6,138,93,2403,0,0,0,1,     ,     ,     ,     ,     ,     ,     ,     ,     ,     ,58,91,4,26,13,45,22.2,0.0,4.199999999999999,2022-08-13
278,20220814,89,17,18,30,6,0,19,70,10,230,153,4,310,15,115,6,117,79,2119,0,0,0,1,     ,     ,     ,     ,     ,     ,     ,     ,     ,     ,69,92,23,39,14,41,23.0,0.0,5.0,2022-08-14
278,20220815,225,9,15,40,16,0,1,70,14,220,160,4,283,14,139,6,35,24,1352,3,1,1,21,     ,     ,     ,     ,     ,     ,     ,     ,     ,     ,74,96,22,48,13,25,22.0,0.0,4.0,2022-08-15
278,20220816,248,11,19,40,9,0,21,80,9,223,147,4,293,13,124,6,95,65,1946,0,0,0,1,     ,     ,     ,     ,     ,     ,     ,     ,     ,     ,71,97,4,35,12,37,22.3,0.0,4.300000000000001,2022-08-16
278,20220817,12,16,17,30,8,10,1,70,9,198,166,1,243,13,144,6,12,8,853,23,35,15,15,     ,     ,     ,     ,     ,     ,     ,     ,     ,     ,88,96,24,65,12,15,19.8,0.0,1.8000000000000007,2022-08-17
278,20220818,347,11,14,20,6,0,20,50,9,200,148,24,247,16,113,24,61,42,1394,0,0,0,1,     ,     ,     ,     ,     ,     ,     ,     ,     ,     ,84,98,2,63,17,25,20.0,0.0,2.0,2022-08-18
278,20220819,260,13,17,30,10,0,3,70,15,197,120,5,264,14,98,6,80,55,1870,17,102,88,21,     ,     ,     ,     ,     ,     ,     ,     ,     ,     ,83,99,2,49,12,34,19.7,0.0,1.6999999999999993,2022-08-19
278,20220820,313,10,13,30,13,0,3,70,13,188,115,24,242,15,88,24,90,62,1898,0,0,0,1,     ,     ,     ,     ,     ,     ,     ,     ,     ,     ,76,98,2,43,14,34,18.8,0.0,0.8000000000000007,2022-08-20
278,20220821,256,11,17,30,9,0,22,60,9,177,111,4,246,13,81,6,75,52,1642,0,0,0,1,     ,     ,     ,     ,     ,     ,     ,     ,     ,     ,77,98,1,52,13,29,17.7,0.3000000000000007,0.0,2022-08-21
278,20220822,54,12,14,30,10,0,1,50,9,188,130,4,255,15,107,24,71,50,1810,0,0,0,1,     ,     ,     ,     ,     ,     ,     ,     ,     ,     ,78,98,1,49,17,32,18.8,0.0,0.8000000000000007,2022-08-22
278,20220823,226,4,12,30,16,0,2,60,16,212,128,3,298,13,102,6,67,47,1714,0,0,0,1,     ,     ,     ,     ,     ,     ,     ,     ,     ,     ,72,99,1,38,11,32,21.2,0.0,3.1999999999999993,2022-08-23
278,20220824,322,3,9,20,13,0,2,40,11,226,140,5,314,15,119,6,117,82,1987,0,0,0,1,     ,     ,     ,     ,     ,     ,     ,     ,     ,     ,73,99,4,42,16,38,22.6,0.0,4.600000000000001,2022-08-24
278,20220825,81,14,20,40,10,0,19,70,13,237,154,5,321,15,125,6,126,89,2097,0,0,0,1,     ,     ,     ,     ,     ,     ,     ,     ,     ,     ,63,93,24,29,14,41,23.7,0.0,5.699999999999999,2022-08-25
278,20220826,332,28,28,30,1,10,24,80,18,192,145,24,214,10,125,24,0,0,510,4,3,3,12,     ,     ,     ,     ,     ,     ,     ,     ,     ,     ,82,91,1,73,21,9,19.2,0.0,1.1999999999999993,2022-08-26
278,20220827,358,17,19,30,9,0,23,70,11,166,102,24,227,15,53,24,49,35,1306,0,0,0,1,     ,     ,     ,     ,     ,     ,     ,     ,     ,     ,73,96,5,52,15,22,16.6,1.3999999999999986,0.0,2022-08-27
278,20220828,349,17,21,40,9,0,2,80,11,151,74,5,223,16,36,6,100,72,1699,0,0,0,1,     ,     ,     ,     ,     ,     ,     ,     ,     ,     ,74,98,4,44,15,28,15.1,2.9000000000000004,0.0,2022-08-28
278,20220829,21,12,15,30,17,0,5,60,19,172,91,1,235,16,57,6,53,38,1417,0,0,0,1,     ,     ,     ,     ,     ,     ,     ,     ,     ,     ,77,97,2,53,15,24,17.2,0.8000000000000007,0.0,2022-08-29
278,20220830,52,26,27,50,9,10,1,100,9,178,115,3,235,15,71,6,116,84,2013,0,0,0,1,     ,     ,     ,     ,     ,     ,     ,     ,     ,     ,68,98,2,39,14,35,17.8,0.1999999999999993,0.0,2022-08-30
278,20220831,60,31,32,50,10,10,19,100,12,173,119,6,235,15,93,24,116,84,2056,0,0,0,1,     ,     ,     ,     ,     ,     ,     ,     ,     ,     ,60,87,24,36,15,36,17.3,0.6999999999999993,0.0,2022-08-31
278,20220901,77,28,29,50,11,10,4,100,11,172,86,5,243,13,42,6,126,92,2077,0,0,0,1,     ,     ,     ,     ,     ,     ,     ,     ,     ,     ,59,91,4,34,13,36,17.2,0.8000000000000007,0.0,2022-09-01
278,20220902,90,29,29,50,11,10,19,100,13,181,120,3,261,13,89,24,61,45,1557,0,0,0,1,     ,     ,     ,     ,     ,     ,     ,     ,     ,     ,54,70,2,31,12,27,18.1,0.0,0.10000000000000142,2022-09-02
278,20220903,88,29,29,50,12,20,6,90,11,188,111,6,269,15,92,6,122,90,1908,0,0,0,1,     ,     ,     ,     ,     ,     ,     ,     ,     ,     ,54,75,24,33,14,34,18.8,0.0,0.8000000000000007,2022-09-03
278,20220904,111,12,14,20,1,10,2,50,10,192,113,5,273,14,88,6,74,55,1431,0,0,0,1,     ,     ,     ,     ,     ,     ,     ,     ,     ,     ,72,91,22,46,13,26,19.2,0.0,1.1999999999999993,2022-09-04
278,20220905,93,6,12,20,9,0,19,80,13,210,124,5,307,14,100,6,86,64,1683,0,0,0,1,     ,     ,     ,     ,     ,     ,     ,     ,     ,     ,69,97,3,33,14,31,21.0,0.0,3.0,2022-09-05
278,20220906,199,3,19,30,9,10,1,140,24,222,170,7,292,16,168,6,96,72,1731,14,26,16,24,     ,     ,     ,     ,     ,     ,     ,     ,     ,     ,71,94,3,37,15,33,22.2,0.0,4.199999999999999,2022-09-06
278,20220907,231,5,15,40,8,10,3,130,1,188,146,23,246,15,121,24,42,32,1154,14,65,47,1,     ,     ,     ,     ,     ,     ,     ,     ,     ,     ,85,99,22,58,16,21,18.8,0.0,0.8000000000000007,2022-09-07
278,20220908,208,12,18,40,15,10,1,80,14,165,127,23,220,16,106,24,32,24,834,48,119,53,9,     ,     ,     ,     ,     ,     ,     ,     ,     ,     ,90,99,2,57,15,14,16.5,1.5,0.0,2022-09-08
278,20220909,179,25,26,40,9,20,1,100,13,158,127,5,192,13,119,6,30,23,921,7,14,12,13,     ,     ,     ,     ,     ,     ,     ,     ,     ,     ,87,97,4,73,12,15,15.8,2.1999999999999993,0.0,2022-09-09
278,20220910,79,7,18,30,11,10,1,60,11,168,129,23,217,14,102,24,29,22,992,0,0,0,1,     ,     ,     ,     ,     ,     ,     ,     ,     ,     ,85,98,23,65,14,17,16.8,1.1999999999999993,0.0,2022-09-10
278,20220911,262,7,11,20,13,0,3,50,13,161,106,3,234,16,79,6,73,56,1446,0,0,0,1,     ,     ,     ,     ,     ,     ,     ,     ,     ,     ,85,99,1,56,14,24,16.1,1.8999999999999986,0.0,2022-09-11
278,20220912,189,15,17,30,12,10,1,70,13,172,93,5,242,13,70,6,83,64,1503,0,0,0,1,     ,     ,     ,     ,     ,     ,     ,     ,     ,     ,79,99,1,50,13,26,17.2,0.8000000000000007,0.0,2022-09-12
278,20220913,312,13,16,30,11,0,2,70,13,171,103,24,223,11,74,24,72,56,1372,0,0,0,1,     ,     ,     ,     ,     ,     ,     ,     ,     ,     ,80,98,24,54,14,24,17.1,0.8999999999999986,0.0,2022-09-13
278,20220914,307,4,9,20,15,0,1,50,17,143,92,23,209,14,54,24,32,25,997,0,0,0,1,     ,     ,     ,     ,     ,     ,     ,     ,     ,     ,82,99,3,56,15,16,14.3,3.6999999999999993,0.0,2022-09-14
278,20220915,281,24,27,50,14,10,2,100,12,142,109,24,184,13,103,24,32,25,949,28,59,40,24,     ,     ,     ,     ,     ,     ,     ,     ,     ,     ,81,95,21,60,12,15,14.2,3.8000000000000007,0.0,2022-09-15
278,20220916,274,34,36,60,13,20,1,130,15,126,90,24,172,13,84,24,89,70,1401,61,54,10,5,     ,     ,     ,     ,     ,     ,     ,     ,     ,     ,82,96,2,52,14,22,12.6,5.4,0.0,2022-09-16
278,20220917,286,32,35,60,15,20,20,140,15,114,79,22,159,13,60,24,86,68,1370,7,8,5,13,     ,     ,     ,     ,     ,     ,     ,     ,     ,     ,80,94,21,67,15,21,11.4,6.6,0.0,2022-09-17
278,20220918,271,28,30,40,15,20,3,110,15,109,91,19,124,13,85,24,5,4,306,115,141,23,10,     ,     ,     ,     ,     ,     ,     ,     ,     ,     ,90,95,5,75,21,5,10.9,7.1,0.0,2022-09-18
278,20220919,293,24,27,50,11,10,21,120,12,118,58,24,177,11,26,24,90,72,1250,10,44,25,12,     ,     ,     ,     ,     ,     ,     ,     ,     ,     ,80,95,6,57,16,19,11.8,6.199999999999999,0.0,2022-09-19
278,20220920,283,14,18,30,10,0,20,70,12,105,49,24,169,13,17,24,41,33,978,0,-1,-1,1,     ,     ,     ,     ,     ,     ,     ,     ,     ,     ,83,98,21,53,16,15,10.5,7.5,0.0,2022-09-20
278,20220921,258,1,5,20,14,0,1,30,11,93,23,6,180,14,4,6,99,80,1440,0,0,0,1,     ,     ,     ,     ,     ,     ,     ,     ,     ,     ,82,98,1,49,16,21,9.3,8.7,0.0,2022-09-21
278,20220922,154,7,11,20,10,0,1,50,11,101,20,6,193,13,-2,6,107,87,1464,0,0,0,1,     ,     ,     ,     ,     ,     ,     ,     ,     ,     ,79,98,1,46,14,21,10.1,7.9,0.0,2022-09-22
278,20220923,186,11,13,20,10,0,1,40,10,123,51,3,170,14,27,6,12,10,654,5,8,7,18,     ,     ,     ,     ,     ,     ,     ,     ,     ,     ,84,98,1,67,11,10,12.3,5.699999999999999,0.0,2022-09-23
278,20220924,349,5,16,30,14,0,10,80,18,128,76,24,148,14,39,24,0,0,286,54,58,37,12,     ,     ,     ,     ,     ,     ,     ,     ,     ,     ,91,97,4,81,21,4,12.8,5.199999999999999,0.0,2022-09-24
278,20220925,275,12,18,30,12,10,1,80,12,113,52,4,176,12,18,6,86,71,1265,0,0,0,1,     ,     ,     ,     ,     ,     ,     ,     ,     ,     ,82,99,2,57,13,19,11.3,6.699999999999999,0.0,2022-09-25
278,20220926,213,29,33,40,2,10,20,100,13,110,98,24,123,16,95,24,0,0,285,125,79,12,17,     ,     ,     ,     ,     ,     ,     ,     ,     ,     ,92,97,15,83,1,4,11.0,7.0,0.0,2022-09-26
278,20220927,245,24,27,50,14,10,19,90,14,94,81,19,116,14,73,24,19,16,702,30,31,10,11,     ,     ,     ,     ,     ,     ,     ,     ,     ,     ,90,95,2,79,16,10,9.4,8.6,0.0,2022-09-27
278,20220928,219,10,13,20,2,10,1,50,12,94,54,24,146,15,21,24,45,38,935,11,14,9,13,     ,     ,     ,     ,     ,     ,     ,     ,     ,     ,90,99,7,67,14,13,9.4,8.6,0.0,2022-09-28
278,20220929,200,2,8,20,12,0,3,40,11,81,26,4,159,16,7,6,70,59,1232,0,0,0,1,     ,     ,     ,     ,     ,     ,     ,     ,     ,     ,89,99,1,57,15,17,8.1,9.9,0.0,2022-09-29
278,20220930,195,22,22,40,12,0,1,90,12,110,28,6,168,13,4,6,96,82,1274,13,22,19,24,     ,     ,     ,     ,     ,     ,     ,     ,     ,     ,78,99,1,57,13,19,11.0,7.0,0.0,2022-09-30
278,20221001,235,36,44,60,12,30,18,130,12,132,106,2,172,12,98,24,74,63,995,70,169,57,3,     ,     ,     ,     ,     ,     ,     ,     ,     ,     ,86,96,4,64,14,16,13.2,4.800000000000001,0.0,2022-10-01
278,20221002,263,28,32,50,10,20,6,100,2,131,85,24,177,14,53,24,79,68,1089,2,1,1,7,     ,     ,     ,     ,     ,     ,     ,     ,     ,     ,83,98,23,58,14,17,13.1,4.9,0.0,2022-10-02
278,20221003,250,14,16,30,12,10,7,50,10,122,60,6,177,14,23,6,66,57,1004,0,0,0,1,     ,     ,     ,     ,     ,     ,     ,     ,     ,     ,87,99,4,65,12,16,12.2,5.800000000000001,0.0,2022-10-03
278,20221004,192,22,23,40,13,10,1,80,13,140,84,5,182,14,44,6,83,72,1185,0,0,0,1,     ,     ,     ,     ,     ,     ,     ,     ,     ,     ,79,98,5,57,14,19,14.0,4.0,0.0,2022-10-04
278,20221005,219,43,44,70,20,20,4,130,16,158,128,24,188,14,119,24,3,3,494,2,6,6,21,     ,     ,     ,     ,     ,     ,     ,     ,     ,     ,77,88,23,67,17,8,15.8,2.1999999999999993,0.0,2022-10-05
278,20221006,225,33,34,50,10,20,18,100,11,126,88,24,174,14,62,24,98,87,1224,0,0,0,1,     ,     ,     ,     ,     ,     ,     ,     ,     ,     ,74,87,4,53,14,19,12.6,5.4,0.0,2022-10-06
278,20221007,208,32,33,60,13,20,1,100,12,129,78,2,180,14,60,6,56,50,979,0,0,0,1,     ,     ,     ,     ,     ,     ,     ,     ,     ,     ,76,91,6,59,14,15,12.9,5.1,0.0,2022-10-07
278,20221008,259,28,31,50,10,10,21,110,11,114,46,24,166,14,11,24,94,84,1128,6,5,3,1,     ,     ,     ,     ,     ,     ,     ,     ,     ,     ,83,98,23,56,14,17,11.4,6.6,0.0,2022-10-08
278,20221009,144,16,18,30,11,0,3,70,12,96,30,5,165,13,4,6,98,88,1208,0,0,0,1,     ,     ,     ,     ,     ,     ,     ,     ,     ,     ,80,99,7,53,15,17,9.6,8.4,0.0,2022-10-09
278,20221010,224,18,24,40,10,10,18,100,15,95,43,24,160,12,13,24,46,42,645,15,10,9,15,     ,     ,     ,     ,     ,     ,     ,     ,     ,     ,86,99,20,73,10,9,9.5,8.5,0.0,2022-10-10
278,20221011,264,8,10,30,11,0,6,50,11,83,21,6,160,14,-3,6,78,71,990,0,0,0,1,     ,     ,     ,     ,     ,     ,     ,     ,     ,     ,87,98,1,57,13,14,8.3,9.7,0.0,2022-10-11
278,20221012,164,9,13,20,11,10,1,60,14,89,17,6,155,13,1,12,65,60,971,0,0,0,1,     ,     ,     ,     ,     ,     ,     ,     ,     ,     ,85,99,2,57,13,14,8.9,9.1,0.0,2022-10-12
278,20221013,205,18,20,30,9,10,5,70,15,123,90,1,147,13,66,24,1,1,294,2,2,2,12,     ,     ,     ,     ,     ,     ,     ,     ,     ,     ,91,98,24,85,13,5,12.3,5.699999999999999,0.0,2022-10-13
278,20221014,181,16,19,30,11,10,3,60,12,124,99,2,150,14,88,24,0,0,233,22,20,10,17,     ,     ,     ,     ,     ,     ,     ,     ,     ,     ,97,99,2,92,12,4,12.4,5.6,0.0,2022-10-14
278,20221015,197,25,27,40,15,10,1,90,15,132,101,5,161,15,88,6,10,9,319,25,12,6,12,     ,     ,     ,     ,     ,     ,     ,     ,     ,     ,92,99,5,78,24,5,13.2,4.800000000000001,0.0,2022-10-15
278,20221016,208,22,30,60,11,0,17,100,10,139,99,18,179,14,88,18,74,69,889,10,3,2,21,     ,     ,     ,     ,     ,     ,     ,     ,     ,     ,82,95,18,57,14,14,13.9,4.1,0.0,2022-10-16
278,20221017,195,19,22,30,4,0,23,80,9,155,127,1,173,9,117,6,7,7,173,36,75,37,11,     ,     ,     ,     ,     ,     ,     ,     ,     ,     ,95,99,22,87,8,3,15.5,2.5,0.0,2022-10-17
278,20221018,291,9,13,30,11,0,21,60,12,118,44,24,172,13,14,24,76,72,1013,0,0,0,1,     ,     ,     ,     ,     ,     ,     ,     ,     ,     ,90,99,1,64,12,16,11.8,6.199999999999999,0.0,2022-10-18
278,20221019,90,26,26,50,11,0,1,90,12,90,34,6,140,13,11,6,75,72,952,0,0,0,1,     ,     ,     ,     ,     ,     ,     ,     ,     ,     ,84,99,3,65,14,14,9.0,9.0,0.0,2022-10-19
278,20221020,120,26,29,40,2,10,18,70,4,107,62,1,138,16,50,6,20,19,382,18,21,17,14,     ,     ,     ,     ,     ,     ,     ,     ,     ,     ,91,99,19,76,10,6,10.7,7.300000000000001,0.0,2022-10-20
278,20221021,172,19,20,30,12,10,17,60,12,145,121,7,178,14,97,24,49,48,581,14,81,79,2,     ,     ,     ,     ,     ,     ,     ,     ,     ,     ,94,99,4,84,13,9,14.5,3.5,0.0,2022-10-21
278,20221022,202,20,23,50,14,10,17,100,12,134,94,19,184,14,71,24,41,40,577,0,0,0,1,     ,     ,     ,     ,     ,     ,     ,     ,     ,     ,90,99,20,68,14,9,13.4,4.6,0.0,2022-10-22
278,20221023,137,22,25,30,9,10,1,90,24,144,83,4,177,20,73,6,8,8,335,4,5,5,21,     ,     ,     ,     ,     ,     ,     ,     ,     ,     ,87,99,4,77,19,5,14.4,3.5999999999999996,0.0,2022-10-23
278,20221024,214,40,43,80,12,20,20,150,12,149,125,19,178,12,106,24,37,37,501,10,6,3,13,     ,     ,     ,     ,     ,     ,     ,     ,     ,     ,80,92,22,68,9,8,14.9,3.0999999999999996,0.0,2022-10-24
278,20221025,209,25,28,50,12,10,17,90,12,133,92,22,173,14,52,24,56,56,582,3,2,2,5,     ,     ,     ,     ,     ,     ,     ,     ,     ,     ,87,99,21,71,13,9,13.3,4.699999999999999,0.0,2022-10-25
278,20221026,182,18,23,40,12,10,2,80,13,143,75,2,191,13,56,6,74,74,764,0,0,0,1,     ,     ,     ,     ,     ,     ,     ,     ,     ,     ,85,98,1,70,12,12,14.3,3.6999999999999993,0.0,2022-10-26
278,20221027,160,22,23,30,8,20,1,60,10,165,127,4,207,13,106,6,36,36,533,3,2,2,1,     ,     ,     ,     ,     ,     ,     ,     ,     ,     ,82,96,3,64,13,9,16.5,1.5,0.0,2022-10-27
278,20221028,212,24,28,50,15,20,1,90,15,169,124,23,213,14,96,24,35,35,518,0,0,0,1,     ,     ,     ,     ,     ,     ,     ,     ,     ,     ,82,97,23,67,14,9,16.9,1.1000000000000014,0.0,2022-10-28
278,20221029,150,14,17,20,9,10,1,50,11,155,93,5,213,14,70,6,24,25,477,0,0,0,1,     ,     ,     ,     ,     ,     ,     ,     ,     ,     ,87,99,2,71,14,8,15.5,2.5,0.0,2022-10-29
278,20221030,209,14,15,20,1,10,4,50,3,153,120,6,199,13,91,24,52,53,602,0,0,0,1,     ,     ,     ,     ,     ,     ,     ,     ,     ,     ,85,95,21,72,13,10,15.3,2.6999999999999993,0.0,2022-10-30
278,20221031,116,17,20,30,13,10,1,60,13,131,59,7,172,14,46,6,27,28,443,0,0,0,1,     ,     ,     ,     ,     ,     ,     ,     ,     ,     ,88,99,4,74,24,7,13.1,4.9,0.0,2022-10-31
278,20221101,201,46,48,70,6,30,1,130,6,148,116,24,166,6,112,24,77,80,688,6,2,1,22,     ,     ,     ,     ,     ,     ,     ,     ,     ,     ,69,90,24,60,13,11,14.8,3.1999999999999993,0.0,2022-11-01
278,20221102,216,45,48,70,3,20,17,140,3,124,109,4,146,14,87,18,70,73,629,6,3,1,3,     ,     ,     ,     ,     ,     ,     ,     ,     ,     ,71,85,7,58,14,10,12.4,5.6,0.0,2022-11-02
278,20221103,175,37,39,60,24,30,18,120,24,124,105,24,162,14,97,6,17,18,399,35,32,13,18,     ,     ,     ,     ,     ,     ,     ,     ,     ,     ,78,94,19,60,14,6,12.4,5.6,0.0,2022-11-03
278,20221104,242,25,27,50,3,10,17,140,2,92,53,24,128,13,30,24,35,37,477,29,109,77,2,     ,     ,     ,     ,     ,     ,     ,     ,     ,     ,92,99,21,79,14,7,9.2,8.8,0.0,2022-11-04
278,20221105,207,30,30,40,11,10,2,90,23,88,47,2,119,12,25,6,48,51,519,4,7,7,1,     ,     ,     ,     ,     ,     ,     ,     ,     ,     ,84,97,1,73,14,7,8.8,9.2,0.0,2022-11-05
278,20221106,191,43,44,60,24,40,1,130,17,101,77,17,124,12,74,18,6,6,271,39,25,10,18,     ,     ,     ,     ,     ,     ,     ,     ,     ,     ,82,90,18,72,14,4,10.1,7.9,0.0,2022-11-06
278,20221107,212,44,45,60,9,30,19,120,9,130,110,1,143,15,103,6,9,10,257,0,-1,-1,1,     ,     ,     ,     ,     ,     ,     ,     ,     ,     ,81,85,18,77,16,4,13.0,5.0,0.0,2022-11-07
278,20221108,182,35,36,50,10,30,1,110,10,134,108,5,153,13,96,6,19,21,338,0,0,0,1,     ,     ,     ,     ,     ,     ,     ,     ,     ,     ,74,87,3,64,13,5,13.4,4.6,0.0,2022-11-08
278,20221109,216,42,43,60,12,30,1,120,12,125,95,24,145,14,85,24,47,52,398,9,9,5,21,     ,     ,     ,     ,     ,     ,     ,     ,     ,     ,80,93,24,67,14,6,12.5,5.5,0.0,2022-11-09
278,20221110,214,39,39,50,8,30,1,90,10,114,91,7,146,12,83,6,44,49,494,2,1,1,2,     ,     ,     ,     ,     ,     ,     ,     ,     ,     ,84,95,4,75,14,7,11.4,6.6,0.0,2022-11-10
278,20221111,207,26,27,50,3,0,22,90,4,90,28,24,138,14,0,24,47,52,478,0,0,0,1,     ,     ,     ,     ,     ,     ,     ,     ,     ,     ,89,99,21,75,14,7,9.0,9.0,0.0,2022-11-11
278,20221112,96,7,10,20,15,0,6,30,1,65,4,7,150,14,-8,12,70,78,580,0,0,0,1,     ,     ,     ,     ,     ,     ,     ,     ,     ,     ,92,99,3,63,13,8,6.5,11.5,0.0,2022-11-12
278,20221113,81,18,18,40,22,0,6,80,24,70,22,8,149,14,-1,12,70,79,601,0,0,0,1,     ,     ,     ,     ,     ,     ,     ,     ,     ,     ,85,99,1,54,13,8,7.0,11.0,0.0,2022-11-13
278,20221114,111,23,25,40,1,10,17,70,1,61,21,7,95,13,11,12,55,62,506,0,0,0,1,     ,     ,     ,     ,     ,     ,     ,     ,     ,     ,88,98,3,73,13,7,6.1,11.9,0.0,2022-11-14
278,20221115,153,25,28,40,12,20,1,80,12,109,70,1,129,13,68,6,43,49,356,43,23,8,9,     ,     ,     ,     ,     ,     ,     ,     ,     ,     ,85,98,3,66,17,5,10.9,7.1,0.0,2022-11-15
278,20221116,132,24,29,60,24,10,7,100,24,103,80,20,127,13,66,18,41,47,407,66,131,51,6,     ,     ,     ,     ,     ,     ,     ,     ,     ,     ,88,99,6,72,13,6,10.3,7.699999999999999,0.0,2022-11-16
278,20221117,130,39,42,80,3,20,21,160,3,96,78,24,107,13,63,24,0,0,106,132,150,34,3,     ,     ,     ,     ,     ,     ,     ,     ,     ,     ,89,95,8,81,21,2,9.6,8.4,0.0,2022-11-17
278,20221118,93,37,38,60,18,20,1,110,19,63,15,24,97,12,15,24,4,5,172,18,5,3,9,     ,     ,     ,     ,     ,     ,     ,     ,     ,     ,92,97,8,87,21,2,6.3,11.7,0.0,2022-11-18
278,20221119,75,31,32,60,1,0,19,100,1,-9,-58,24,27,13,-75,24,72,84,566,0,0,0,1,     ,     ,     ,     ,     ,     ,     ,     ,     ,     ,79,97,24,56,13,6,-0.9,18.9,0.0,2022-11-19
278,20221120,107,9,16,30,12,0,1,60,12,-14,-68,7,26,12,-81,6,31,36,395,76,59,14,18,     ,     ,     ,     ,     ,     ,     ,     ,     ,     ,90,99,23,77,10,4,-1.4,19.4,0.0,2022-11-20
278,20221121,126,22,24,40,19,0,4,70,21,25,-5,5,50,24,-6,6,1,1,165,39,15,5,22,     ,     ,     ,     ,     ,     ,     ,     ,     ,     ,97,99,2,92,24,2,2.5,15.5,0.0,2022-11-21
278,20221122,161,27,28,40,1,20,3,90,10,65,41,8,79,18,28,12,10,12,198,20,7,4,1,     ,     ,     ,     ,     ,     ,     ,     ,     ,     ,88,96,3,76,16,3,6.5,11.5,0.0,2022-11-22
278,20221123,183,33,34,50,12,20,3,110,12,85,70,23,105,12,52,6,43,51,374,17,7,2,2,     ,     ,     ,     ,     ,     ,     ,     ,     ,     ,86,95,1,66,13,5,8.5,9.5,0.0,2022-11-23
278,20221124,197,30,33,40,1,20,16,80,1,85,69,22,114,13,50,18,55,66,404,2,1,1,23,     ,     ,     ,     ,     ,     ,     ,     ,     ,     ,84,89,1,76,14,6,8.5,9.5,0.0,2022-11-24
278,20221125,214,25,28,50,13,20,1,80,13,83,56,24,116,13,29,24,65,79,411,38,21,11,2,     ,     ,     ,     ,     ,     ,     ,     ,     ,     ,91,98,20,78,13,6,8.3,9.7,0.0,2022-11-25
278,20221126,185,24,25,30,9,20,1,70,19,66,39,7,91,13,25,6,39,47,290,0,0,0,1,     ,     ,     ,     ,     ,     ,     ,     ,     ,     ,93,99,5,87,22,4,6.6,11.4,0.0,2022-11-26
278,20221127,154,29,29,30,2,20,1,70,3,62,48,3,72,18,37,6,0,0,92,101,58,11,21,     ,     ,     ,     ,     ,     ,     ,     ,     ,     ,87,93,21,82,7,1,6.2,11.8,0.0,2022-11-27
278,20221128,189,18,21,40,7,10,15,80,4,80,66,1,87,15,63,6,0,0,99,42,21,8,9,     ,     ,     ,     ,     ,     ,     ,     ,     ,     ,96,99,17,88,1,1,8.0,10.0,0.0,2022-11-28
278,20221129,276,15,18,30,12,10,1,60,14,76,50,24,93,13,43,24,5,6,169,3,6,6,14,     ,     ,     ,     ,     ,     ,     ,     ,     ,     ,97,99,1,91,20,2,7.6,10.4,0.0,2022-11-29
278,20221130,13,12,15,20,11,0,7,50,18,52,12,6,69,12,2,6,2,2,168,0,0,0,1,     ,     ,     ,     ,     ,     ,     ,     ,     ,     ,93,99,7,87,14,2,5.2,12.8,0.0,2022-11-30
278,20221201,40,17,19,30,20,10,3,60,24,53,36,24,66,12,36,24,0,0,173,0,0,0,1,     ,     ,     ,     ,     ,     ,     ,     ,     ,     ,89,93,1,85,24,2,5.3,12.7,0.0,2022-12-01
278,20221202,63,34,35,50,14,20,2,120,18,23,17,13,37,1,16,24,0,0,64,0,0,0,1,     ,     ,     ,     ,     ,     ,     ,     ,     ,     ,83,88,7,75,17,1,2.3,15.7,0.0,2022-12-02
278,20221203,71,38,39,50,8,20,2,90,7,8,-8,21,27,3,-10,24,0,0,97,0,0,0,1,     ,     ,     ,     ,     ,     ,     ,     ,     ,     ,80,83,2,77,14,1,0.8,17.2,0.0,2022-12-03
278,20221204,68,40,41,60,10,30,4,100,11,13,-3,3,37,24,-3,6,0,0,49,0,0,0,1,     ,     ,     ,     ,     ,     ,     ,     ,     ,     ,86,90,19,81,1,1,1.3,16.7,0.0,2022-12-04
278,20221205,27,21,23,40,1,10,17,80,1,48,36,3,54,10,35,6,0,0,48,44,6,2,15,     ,     ,     ,     ,     ,     ,     ,     ,     ,     ,94,97,9,88,1,1,4.8,13.2,0.0,2022-12-05
278,20221206,273,20,23,40,19,10,5,70,23,48,18,24,66,13,3,12,28,36,263,4,1,1,17,     ,     ,     ,     ,     ,     ,     ,     ,     ,     ,92,97,8,80,13,3,4.8,13.2,0.0,2022-12-06
278,20221207,259,26,27,40,12,20,1,70,12,34,13,6,66,12,3,12,36,46,294,0,-1,-1,1,     ,     ,     ,     ,     ,     ,     ,     ,     ,     ,89,96,1,78,13,4,3.4,14.6,0.0,2022-12-07
278,20221208,234,20,22,40,1,10,16,70,2,24,-3,16,39,12,-15,18,12,15,186,18,20,12,4,     ,     ,     ,     ,     ,     ,     ,     ,     ,     ,94,98,18,88,14,2,2.4,15.6,0.0,2022-12-08
278,20221209,197,7,9,20,11,0,2,40,11,1,-38,22,28,11,-61,24,36,46,264,0,0,0,1,     ,     ,     ,     ,     ,     ,     ,     ,     ,     ,92,99,9,81,11,3,0.1,17.9,0.0,2022-12-09
278,20221210,199,15,16,20,8,10,1,50,20,-19,-37,7,-6,24,-55,6,0,0,79,0,0,0,1,     ,     ,     ,     ,     ,     ,     ,     ,     ,     ,96,99,17,92,1,1,-1.9,19.9,0.0,2022-12-10
278,20221211,160,13,15,20,6,10,1,40,11,3,-6,1,8,13,-4,6,0,0,44,0,0,0,1,     ,     ,     ,     ,     ,     ,     ,     ,     ,     ,92,97,1,87,22,0,0.3,17.7,0.0,2022-12-11
278,20221212,154,8,10,20,11,0,21,40,11,-13,-66,24,19,14,-87,24,28,36,256,0,0,0,1,     ,     ,     ,     ,     ,     ,     ,     ,     ,     ,88,97,20,77,14,3,-1.3,19.3,0.0,2022-12-12
278,20221213,118,5,8,20,13,0,1,40,13,-45,-76,8,0,14,-97,12,57,74,405,0,0,0,1,     ,     ,     ,     ,     ,     ,     ,     ,     ,     ,90,97,1,78,13,4,-4.5,22.5,0.0,2022-12-13
278,20221214,315,3,8,20,23,0,4,30,2,-60,-90,7,-10,13,-119,12,60,78,471,0,0,0,1,     ,     ,     ,     ,     ,     ,     ,     ,     ,     ,88,94,19,73,14,4,-6.0,24.0,0.0,2022-12-14
278,20221215,205,19,20,30,12,10,1,70,20,-23,-71,4,20,13,-96,6,55,72,370,7,3,3,22,     ,     ,     ,     ,     ,     ,     ,     ,     ,     ,88,94,4,80,14,4,-2.3,20.3,0.0,2022-12-15
278,20221216,307,2,12,20,11,10,1,40,11,-8,-37,8,4,10,-58,12,0,0,57,0,-1,-1,1,     ,     ,     ,     ,     ,     ,     ,     ,     ,     ,94,99,12,89,1,1,-0.8,18.8,0.0,2022-12-16
278,20221217,179,26,27,40,12,20,1,80,12,-17,-44,24,-1,11,-43,24,2,3,176,0,0,0,1,     ,     ,     ,     ,     ,     ,     ,     ,     ,     ,90,97,23,83,12,2,-1.7,19.7,0.0,2022-12-17
278,20221218,142,26,28,40,13,10,3,100,24,-28,-77,4,3,21,-93,6,13,17,181,19,4,2,24,     ,     ,     ,     ,     ,     ,     ,     ,     ,     ,81,95,1,71,18,2,-2.8,20.8,0.0,2022-12-18
278,20221219,186,40,41,50,8,30,17,100,8,64,3,1,101,23,1,6,0,0,69,99,29,6,6,     ,     ,     ,     ,     ,     ,     ,     ,     ,     ,90,98,11,79,20,1,6.4,11.6,0.0,2022-12-19
278,20221220,202,34,35,50,6,20,19,100,6,101,85,24,111,9,79,24,0,0,46,141,119,21,11,     ,     ,     ,     ,     ,     ,     ,     ,     ,     ,93,99,23,77,2,1,10.1,7.9,0.0,2022-12-20
278,20221221,203,26,27,40,13,10,2,90,16,80,64,3,91,12,36,6,15,20,193,11,2,1,19,     ,     ,     ,     ,     ,     ,     ,     ,     ,     ,95,99,1,84,15,3,8.0,10.0,0.0,2022-12-21
278,20221222,219,20,24,40,12,10,5,80,13,83,68,10,96,24,63,12,48,63,297,61,24,5,21,     ,     ,     ,     ,     ,     ,     ,     ,     ,     ,94,99,5,83,12,4,8.3,9.7,0.0,2022-12-22
278,20221223,226,7,24,70,24,10,6,120,24,85,72,8,104,23,71,12,0,0,55,107,132,36,15,     ,     ,     ,     ,     ,     ,     ,     ,     ,     ,98,99,5,93,24,1,8.5,9.5,0.0,2022-12-23
278,20221224,235,36,40,70,1,20,17,120,1,86,60,21,111,12,34,18,12,16,171,7,9,8,8,     ,     ,     ,     ,     ,     ,     ,     ,     ,     ,90,98,24,81,13,2,8.6,9.4,0.0,2022-12-24
278,20221225,175,14,15,30,2,0,22,60,7,82,61,1,89,14,45,6,0,0,44,105,126,23,16,     ,     ,     ,     ,     ,     ,     ,     ,     ,     ,97,99,15,95,9,1,8.2,9.8,0.0,2022-12-25
278,20221226,238,38,43,70,10,20,1,150,11,66,28,19,100,10,14,18,15,20,173,8,3,2,2,     ,     ,     ,     ,     ,     ,     ,     ,     ,     ,86,99,1,75,15,2,6.6,11.4,0.0,2022-12-26
278,20221227,215,43,44,60,3,40,6,100,21,52,31,2,70,19,20,6,47,62,286,8,6,6,24,     ,     ,     ,     ,     ,     ,     ,     ,     ,     ,86,92,7,79,22,4,5.2,12.8,0.0,2022-12-27
278,20221228,205,56,57,70,5,40,1,120,3,85,55,1,109,24,53,6,0,0,65,137,47,8,18,     ,     ,     ,     ,     ,     ,     ,     ,     ,     ,92,96,7,84,16,1,8.5,9.5,0.0,2022-12-28
278,20221229,223,62,63,80,11,50,5,140,7,92,67,24,113,1,58,24,18,23,157,43,31,9,12,     ,     ,     ,     ,     ,     ,     ,     ,     ,     ,83,92,11,77,10,2,9.2,8.8,0.0,2022-12-29
278,20221230,199,48,53,80,20,30,4,140,15,83,43,7,132,23,35,6,0,0,137,50,16,6,24,     ,     ,     ,     ,     ,     ,     ,     ,     ,     ,86,95,17,73,13,2,8.3,9.7,0.0,2022-12-30
278,20221231,217,54,55,80,14,30,3,160,14,137,109,6,157,18,107,6,0,0,53,139,230,37,13,     ,     ,     ,     ,     ,     ,     ,     ,     ,     ,84,98,4,60,21,1,13.7,4.300000000000001,0.0,2022-12-31
