Postcode6,Gemiddelde_aardgaslevering_woningen,Gemiddelde_aardgaslevering_woningen_gecorrigeerd,Gemiddelde_elektriciteitslevering_woningen,Gemiddelde_netto_elektriciteitslevering_woningen,Gemiddelde_aardgaslevering_bedrijven,Gemiddelde_elektriciteitslevering_bedrijven,Postcode6num
8043AA,810,930,3290,2610,.,.,8043
8043AB,760,870,3210,2800,.,.,8043
8043AC,550,630,2040,1800,.,.,8043
8043AD,860,980,2140,1740,.,.,8043
8043AE,650,750,2060,2020,.,.,8043
8043AG,1160,1330,1780,1120,.,.,8043
8043AH,910,1040,2720,2010,.,.,8043
8043AJ,740,850,2550,2240,.,.,8043
8043AK,680,780,1850,1850,.,.,8043
8043AL,980,1130,3410,3060,.,.,8043
8043AM,820,940,2650,1360,.,.,8043
8043AN,770,880,2390,1750,.,.,8043
8043AP,700,800,1790,1240,.,.,8043
8043AR,770,880,2390,1660,.,.,8043
8043AS,860,990,2260,1040,.,.,8043
8043AT,910,1040,2680,2210,.,.,8043
8043AV,700,800,2250,1380,.,.,8043
8043AW,750,860,2250,1520,.,.,8043
8043AX,1030,1180,3760,2860,.,.,8043
8043AZ,1190,1360,3360,2770,.,.,8043
8043BA,700,800,2380,2080,.,6010,8043
8043BB,820,940,3180,2060,.,.,8043
8043BC,1080,1240,2940,1980,.,.,8043
8043BD,910,1040,3060,2020,.,.,8043
8043BE,650,750,2110,2030,.,.,8043
8043BG,680,780,2590,2310,.,.,8043
8043BH,690,790,2140,1710,.,.,8043
8043BJ,540,610,1830,1830,.,.,8043
8043BK,600,680,2030,2030,.,.,8043
8043BL,540,620,2310,1980,.,.,8043
8043BM,1070,1230,3310,2880,.,.,8043
8043BN,1160,1330,3450,3040,.,.,8043
8043BP,810,920,2700,2040,.,.,8043
8043BR,730,830,3250,3060,.,.,8043
8043BS,850,980,2770,2210,.,.,8043
8043BT,640,730,1630,880,.,.,8043
8043BV,780,900,2580,2410,.,.,8043
8043BW,650,740,1880,1850,.,.,8043
8043BX,750,860,2200,2010,.,.,8043
8043CA,1590,1820,3990,2440,.,.,8043
8043CB,910,1040,2970,2470,.,.,8043
8043CC,1030,1180,2890,2090,.,.,8043
8043CD,760,870,1930,1520,.,.,8043
8043CE,720,820,1780,1490,.,.,8043
8043CG,1080,1240,3380,2310,.,.,8043
8043CH,810,920,3140,2190,.,.,8043
8043CJ,900,1030,2650,2570,.,.,8043
8043CK,620,720,1550,1550,.,.,8043
8043CL,650,740,2150,2150,.,.,8043
8043CM,640,730,1810,1810,.,.,8043
8043CN,940,1080,2720,2130,.,.,8043
8043CP,970,1110,3380,2680,.,.,8043
8043CR,580,660,1750,1750,.,.,8043
8043CS,560,640,1620,1620,.,.,8043
8043CT,760,870,2030,2030,.,.,8043
8043CV,700,810,2270,2270,.,.,8043
8043DA,1180,1350,3170,2070,.,.,8043
8043DB,1120,1290,2670,2110,.,.,8043
8043DC,830,950,3210,2540,.,.,8043
8043DD,990,1140,2820,2120,.,.,8043
8043DE,600,690,1820,1680,.,.,8043
8043DG,740,850,2020,1630,.,.,8043
8043DH,1000,1150,2860,2440,.,.,8043
8043DJ,1010,1160,2910,2350,.,.,8043
8043DK,.,.,.,.,.,.,8043
8043DL,.,.,.,.,.,.,8043
8043DM,.,.,.,.,.,.,8043
8043DN,860,990,2930,2830,.,.,8043
8043DP,1170,1340,2940,2220,.,.,8043
8043DR,590,670,1480,1480,.,.,8043
8043DS,530,610,1470,1470,.,.,8043
8043DT,510,580,1480,1480,.,.,8043
8043DV,500,570,1330,1330,.,.,8043
8043DW,630,720,1520,1520,.,.,8043
8043DX,640,730,1660,1660,.,.,8043
8043DZ,640,730,1930,1930,.,.,8043
8043EA,470,540,2130,2130,.,.,8043
8043EB,.,.,.,.,.,.,8043
8043EC,630,720,1570,1570,1340,5950,8043
8043EE,650,740,2880,2340,.,.,8043
8043EG,760,870,2590,1670,.,.,8043
8043EH,1010,1150,3030,2180,.,.,8043
8043EJ,600,690,1920,1720,.,.,8043
8043EK,1960,2240,4400,1380,.,.,8043
8043EL,850,970,2240,1940,.,.,8043
8043EM,740,840,2950,2720,.,.,8043
8043EN,1120,1280,3100,2350,.,.,8043
8043EP,530,610,1560,1270,.,.,8043
8043ER,430,490,1430,950,.,1730,8043
8043ES,860,990,2890,1650,.,.,8043
8043ET,890,1020,2640,1940,.,.,8043
8043EV,880,1010,2730,2080,.,.,8043
8043EW,790,910,2600,2540,.,.,8043
8043EX,620,710,1970,1710,.,.,8043
8043EZ,760,870,2230,2230,.,.,8043
8043GA,1220,1400,3490,1910,.,.,8043
8043GB,940,1070,2680,1560,.,.,8043
8043GC,880,1010,3110,2600,.,.,8043
8043GD,930,1060,2580,1450,.,.,8043
8043GE,900,1030,2900,2190,.,.,8043
8043GG,820,940,3000,2550,.,.,8043
8043GH,1270,1460,4040,1310,.,.,8043
8043GJ,820,940,2630,2120,.,.,8043
8043GK,720,830,2620,1530,.,.,8043
8043GL,.,.,.,.,.,.,8043
8043GM,1110,1270,3120,2110,.,.,8043
8043GN,640,730,2600,2110,.,.,8043
8043GP,830,950,2260,2050,.,.,8043
8043GR,780,900,2560,2330,.,.,8043
8043GS,930,1070,3040,2030,.,.,8043
8043HA,760,870,2470,2280,.,.,8043
8043HB,750,860,3240,2620,.,.,8043
8043HC,710,810,2360,1490,.,.,8043
8043HD,770,880,2290,1440,.,.,8043
8043HE,.,.,.,.,.,.,8043
8043HG,850,970,3160,2880,.,.,8043
8043HH,770,890,2700,1660,.,.,8043
8043HJ,730,830,2220,1850,.,.,8043
8043HK,830,960,2400,2230,.,.,8043
8043HL,810,920,2630,2610,.,.,8043
8043HM,.,.,.,.,.,.,8043
8043HN,1160,1330,3030,2630,.,.,8043
8043HP,1030,1180,3360,2150,.,.,8043
8043HR,750,870,1980,480,.,.,8043
8043HS,.,.,.,.,.,.,8043
8043HT,870,990,2750,1550,.,.,8043
8043HV,1160,1340,3000,1460,.,.,8043
8043HW,1250,1430,3250,2210,.,.,8043
8043HX,1280,1470,2900,1880,.,.,8043
8043HZ,790,910,2560,1470,.,.,8043
8043JA,540,620,1900,1900,.,.,8043
8043JB,520,590,1750,1750,.,.,8043
8043JC,710,820,2230,2230,.,.,8043
8043JD,480,550,2170,1900,.,.,8043
8043JE,640,740,2760,2760,.,.,8043
8043JG,550,630,2760,2490,.,.,8043
8043JH,830,960,2230,1670,.,.,8043
8043JJ,730,830,2320,2100,.,.,8043
8043JK,760,870,1980,1610,.,.,8043
8043JL,990,1140,2560,1300,.,.,8043
8043JM,0,0,4780,3910,.,.,8043
8043JN,.,.,3910,2560,.,.,8043
8043JP,780,900,2490,2100,.,.,8043
8043JR,880,1010,2830,2500,.,.,8043
8043JS,840,960,3300,2350,.,.,8043
8043JT,770,890,2610,2260,.,.,8043
8043JV,890,1020,2860,1860,.,.,8043
8043JW,1020,1170,2990,2390,.,.,8043
8043JX,850,970,2810,2460,.,.,8043
8043KA,1060,1210,4480,2700,.,.,8043
8043KB,1130,1300,3680,2460,.,.,8043
8043KC,1570,1800,3940,3610,.,.,8043
8043KD,.,.,.,.,.,.,8043
8043KE,980,1120,3030,2900,.,.,8043
8043KG,1190,1360,2590,960,.,.,8043
8043KH,930,1070,2670,1660,.,.,8043
8043KJ,840,960,3070,2670,.,.,8043
8043KK,800,910,2700,2250,.,.,8043
8043KL,740,850,2640,2080,.,.,8043
8043KM,770,880,2680,2230,.,.,8043
8043KN,820,940,2800,1860,.,.,8043
8043KP,980,1130,2720,1780,.,.,8043
8043KR,910,1040,2480,1730,.,.,8043
8043KS,880,1000,2660,1990,.,.,8043
8043KT,900,1040,2500,2090,.,.,8043
8043KV,.,.,.,.,.,.,8043
8043KW,.,.,.,.,.,.,8043
8043KX,980,1130,2780,2320,.,.,8043
8043KZ,990,1140,4320,2660,.,.,8043
8043LA,860,990,3130,2910,.,.,8043
8043LB,690,800,3100,3030,.,.,8043
8043LC,890,1030,3420,3330,.,.,8043
8043LD,720,820,2350,2050,.,.,8043
8043LE,600,690,1930,1810,.,.,8043
8043LG,700,810,2320,2220,.,.,8043
8043LH,550,630,1660,1660,.,.,8043
8043LJ,490,560,2060,1820,.,.,8043
8043LK,80,100,1610,1610,.,.,8043
8043LL,480,540,1620,1620,.,.,8043
8043LM,730,840,2950,2950,.,.,8043
8043LN,680,780,2490,2330,.,.,8043
8043LP,60,70,3370,1030,.,1700,8043
8043LR,.,.,.,.,.,74280,8043
8043LS,0,0,2510,2510,.,88190,8043
8043LT,140,160,2170,2170,.,51220,8043
8043LV,290,330,2250,2250,.,8350,8043
8043LW,430,500,2190,2190,1960,15320,8043
8043LX,.,.,2090,2090,.,.,8043
8043LZ,730,840,2240,2240,8800,49520,8043
8043MA,750,860,2310,1540,.,.,8043
8043MB,880,1010,2980,1770,.,.,8043
8043MC,930,1070,2960,2420,.,.,8043
8043MD,740,850,2360,2120,.,.,8043
8043ME,890,1020,2740,1760,.,.,8043
8043MG,660,750,2820,2410,.,.,8043
8043MH,870,1000,2470,1240,.,.,8043
8043MJ,730,830,1610,280,.,.,8043
8043MK,1030,1180,3150,2450,.,.,8043
8043ML,990,1140,2980,1780,.,.,8043
8043MN,750,860,2310,2130,.,.,8043
8043MP,1010,1160,2900,930,.,.,8043
8043MR,850,980,3990,3220,.,.,8043
8043MS,820,940,2060,570,.,.,8043
8043MT,900,1040,2710,1010,.,.,8043
8043MV,1550,1780,5580,3510,.,57020,8043
8043MX,1590,1820,5830,4050,.,.,8043
8043MZ,700,810,2220,1970,.,.,8043
8043NA,780,890,3030,2610,.,.,8043
8043NB,920,1060,3320,2390,.,.,8043
8043NC,850,970,3370,2110,.,.,8043
8043ND,760,870,2660,2260,.,.,8043
8043NE,920,1060,3000,2480,.,.,8043
8043NG,1030,1190,3500,3240,.,.,8043
8043NH,720,820,2670,2200,.,27350,8043
8043NJ,1070,1230,3380,2020,.,.,8043
8043NK,750,860,2420,1950,.,.,8043
8043NL,810,930,2660,2120,.,.,8043
8043NM,690,790,2430,2430,.,.,8043
8043NN,600,690,2250,1850,.,.,8043
8043NP,870,1000,2680,2310,.,.,8043
8043NR,860,980,3040,2650,.,.,8043
8043NS,680,780,2120,2120,.,.,8043
8043NT,880,1010,2890,2330,.,.,8043
8043NV,690,790,2560,2290,.,.,8043
8043NW,790,910,2490,1940,.,.,8043
8043NX,880,1010,2670,1900,10480,33810,8043
8043NZ,700,800,2690,2490,.,.,8043
8043PA,1220,1400,3510,2580,.,.,8043
8043PB,1350,1550,2960,2600,.,.,8043
8043PC,1760,2020,3970,3600,.,.,8043
8043PD,620,710,2910,1480,.,11840,8043
8043PE,1080,1240,5420,3860,.,.,8043
8043PG,1820,2090,4810,3180,.,.,8043
8043PJ,110,130,3260,630,.,.,8043
8043PK,.,.,.,.,.,.,8043
8043PP,490,560,2450,960,.,.,8043
8043PR,670,770,2180,1520,.,.,8043
8043PS,850,980,4390,2530,.,.,8043
8043PT,780,890,3730,2410,.,.,8043
8043PV,0,0,4230,2740,.,.,8043
8043PW,550,630,2450,1470,.,.,8043
8043PX,460,530,2250,1120,.,.,8043
8043RA,1000,1150,2960,1940,.,.,8043
8043RB,1150,1320,3600,2130,.,.,8043
8043RC,1260,1450,3780,1390,.,.,8043
8043RD,1430,1640,4560,2810,.,.,8043
8043RE,1260,1440,4980,2470,.,.,8043
8043RG,830,950,2720,1980,.,.,8043
8043RH,1420,1620,3580,1710,.,.,8043
8043RJ,780,900,1810,1370,.,.,8043
8043RK,1220,1390,3440,2480,.,.,8043
8043RL,1200,1370,3550,1500,.,.,8043
8043RM,780,890,2230,1840,.,.,8043
8043RN,760,870,2000,1230,.,.,8043
8043RP,790,900,2710,2100,.,.,8043
8043RR,1350,1550,3820,2660,.,.,8043
8043RT,1110,1270,4780,2790,.,.,8043
8043RV,1130,1290,3690,950,.,.,8043
8043RW,1180,1350,3860,1220,.,.,8043
8043RX,1170,1340,4120,2690,.,.,8043
8043RZ,1520,1740,4280,2290,.,.,8043
8043SB,580,670,2070,1640,.,.,8043
8043TA,770,890,2520,2300,.,.,8043
8043TB,1220,1400,3050,1440,.,.,8043
8043TC,650,740,2210,2180,.,.,8043
8043TD,1270,1450,3470,2390,.,.,8043
8043TE,500,570,1400,1120,.,.,8043
8043TG,840,960,3190,2400,.,.,8043
8043TH,790,900,2650,1530,.,.,8043
8043TK,860,980,2630,1800,.,.,8043
8043TL,1210,1390,3980,3200,.,.,8043
8043TM,740,850,2390,1930,.,.,8043
8043TN,1150,1310,2850,890,.,.,8043
8043TP,840,970,2820,1820,.,.,8043
8043TR,790,910,2590,1810,.,.,8043
8043TS,840,960,2830,1760,.,.,8043
8043TT,730,830,2530,1750,.,.,8043
8043TV,1260,1450,4740,2620,.,.,8043
8043TW,200,230,3770,820,.,.,8043
8043TX,570,650,2700,1190,.,.,8043
8043VA,1640,1880,6190,2440,.,.,8043
8043VB,1510,1730,4090,1180,.,.,8043
8043VC,790,900,2770,2170,.,.,8043
8043VD,650,740,2550,1940,.,38040,8043
8043VE,1750,2000,5690,3040,.,.,8043
8043VG,1260,1440,3410,2140,.,.,8043
8043VH,760,870,2390,1720,.,.,8043
8043VJ,1340,1530,3170,2410,.,.,8043
8043VK,1220,1400,2670,1280,.,.,8043
8043VL,790,910,2850,2710,.,.,8043
8043VM,900,1040,2940,2330,.,.,8043
8043VN,820,950,2880,2680,.,.,8043
8043VP,620,720,2490,2240,.,.,8043
8043VR,1050,1200,3540,3050,.,.,8043
8043VS,800,920,2170,1370,.,.,8043
8043VT,960,1100,3690,3030,.,.,8043
8043VV,730,830,2490,2040,.,.,8043
8043VW,890,1020,1910,490,.,.,8043
8043VX,1230,1410,4480,2350,.,.,8043
8043VZ,1320,1520,5230,4110,.,.,8043
8043WB,740,850,2090,2090,6850,68340,8043
8043WC,810,930,2590,2050,.,.,8043
8043WD,900,1030,2750,1700,.,.,8043
8043WE,960,1110,2980,1530,.,.,8043
8043WG,550,630,1980,1330,1350,3670,8043
8043WH,710,820,2450,1660,.,.,8043
8043WJ,1140,1300,3320,1500,.,.,8043
8043WK,780,900,3090,1500,.,.,8043
8043WL,820,940,2580,1500,.,.,8043
8043WN,640,730,2330,1850,.,.,8043
8043WP,860,990,2720,1820,.,.,8043
8043WR,1410,1610,4150,3000,.,.,8043
8043WS,910,1040,3100,2460,.,.,8043
8043WT,640,730,3010,3010,.,.,8043
8043WV,730,840,2370,1320,.,.,8043
8043WX,890,1020,3520,1820,.,.,8043
8043WZ,790,910,5350,2820,.,.,8043
8043XA,730,830,2290,1620,720,2020,8043
8043XB,870,1000,3160,1620,.,.,8043
8043XC,1060,1220,3810,2480,.,.,8043
8043XD,950,1090,3500,3030,.,.,8043
8043XE,860,980,2770,2020,.,.,8043
8043XG,890,1030,2820,2260,.,.,8043
8043XH,1030,1180,2760,2120,.,.,8043
8043XJ,1130,1290,2990,2060,.,.,8043
8043XK,990,1130,3440,2580,.,.,8043
8043XL,600,690,2240,1880,.,.,8043
8043XM,920,1060,3030,1970,.,.,8043
8043XN,1160,1330,3150,850,.,.,8043
8043XP,.,.,.,.,.,.,8043
8043XR,640,740,2280,2090,.,.,8043
8043XS,760,880,2040,1380,.,.,8043
8043XT,860,980,2600,1980,.,.,8043
8043XV,700,810,2600,2600,.,.,8043
8043XW,750,860,2090,1230,.,.,8043
8043XX,910,1040,2620,2200,.,.,8043
8043XZ,880,1000,2500,1920,.,.,8043
8043ZA,.,.,.,.,.,7100,8043
8043ZW,540,620,1400,330,.,.,8043
8043ZX,750,860,2550,1270,.,.,8043
8043ZZ,570,660,3050,1960,.,.,8043
8044PA,1980,2270,5330,4480,1840,45460,8044
8044PB,0,0,3220,1700,.,.,8044
8044PC,.,.,.,.,.,.,8044
8044PD,.,.,.,.,.,.,8044
8044PE,.,.,.,.,.,.,8044
8044PG,.,.,.,.,.,.,8044
8044PH,0,0,2950,1940,.,.,8044
8044PJ,.,.,5090,2200,.,.,8044
8044PK,0,0,5190,2210,.,.,8044
8044PL,0,0,3670,2440,.,.,8044
8044PM,0,0,3760,2460,.,.,8044
8044PN,0,0,3700,3110,.,.,8044
8044PP,0,0,3980,2190,.,.,8044
8044PR,0,0,3030,1520,.,.,8044
8044PS,0,0,2180,1330,.,.,8044
8044PT,0,0,2570,1200,.,.,8044
8044PV,0,0,4160,1150,.,.,8044
8044PW,0,0,3380,360,.,.,8044
8044PX,0,0,4840,2420,.,.,8044
8044PZ,0,0,2300,410,.,.,8044
8044RA,0,0,2360,1460,.,.,8044
8044RB,.,.,2760,1530,.,.,8044
8044RC,0,0,4000,2880,.,.,8044
8044RD,.,.,2650,2010,.,.,8044
8044RE,0,0,2420,680,.,.,8044
8044RG,0,0,2460,1120,.,.,8044
8044RH,0,0,5170,3600,.,.,8044
8044RJ,0,0,2850,1980,.,.,8044
8044RK,390,450,6130,2740,.,.,8044
8044RL,770,890,4920,370,.,.,8044
8044RM,900,1030,5360,860,.,6710,8044
8044RN,370,420,5560,1510,.,.,8044
8044RP,510,590,4680,930,.,.,8044
8044RR,0,0,5430,2360,.,.,8044
8044RS,0,0,4240,2290,.,.,8044
8044RT,.,.,4650,2040,.,3160,8044
8044TA,0,0,3110,180,.,5970,8044
8044TB,0,0,2660,600,.,1640,8044
8044TC,0,0,2600,0,.,780,8044
8044TD,0,0,3270,280,.,1180,8044
8044TE,0,0,2950,200,.,.,8044
8044TH,0,0,2740,230,.,1690,8044
8044TJ,0,0,3200,540,.,1490,8044
8044TK,0,0,2970,70,.,1300,8044
8044TL,0,0,4350,610,.,1620,8044
8044TM,0,0,3700,890,.,.,8044
8044TN,0,0,3540,960,.,.,8044
8044VA,0,0,2850,200,.,1320,8044
8044VB,0,0,2700,360,.,1080,8044
8044VC,.,.,.,.,.,5790,8044
8044VD,0,0,2640,0,.,3580,8044
8044VG,0,0,3180,370,.,3210,8044
8044VH,.,.,3390,440,.,2060,8044
8044VJ,1290,1480,5260,140,.,6320,8044
8044VK,.,.,3770,170,.,2150,8044
8045PA,.,.,.,.,.,.,8045
8045PB,1900,2170,3560,1700,.,17720,8045
